race_id,race_title,horse_name,odds,pred_prob,expected_value,actual_pos,hit,pnl,prob_raw,y,prob_raw_clipped,prob_isotonic,prob_platt
202408020503,3歳未勝利｜2024年2月10日 | 競馬データベース - netkeiba,シンボリノエル,17.8,0.0894,1.591,12,False,-1.0,0.0894,0,0.0894,0.023076923076923078,0.03377311153094205
202408020506,3歳未勝利｜2024年2月10日 | 競馬データベース - netkeiba,ソニックロプロス,24.4,0.1172,2.86,5,False,-1.0,0.1172,0,0.1172,0.048582995951417,0.052470750825754815
202408020507,4歳以上1勝クラス｜2024年2月10日 | 競馬データベース - netkeiba,ヤエベニシダレ,67.4,0.0213,1.436,7,False,-1.0,0.0213,0,0.0213,1e-06,0.0035020747295921176
202408020508,4歳以上1勝クラス｜2024年2月10日 | 競馬データベース - netkeiba,リトルミム,12.4,0.106,1.314,7,False,-1.0,0.106,0,0.106,0.048582995951417,0.04453256906270292
202408020510,飛鳥ステークス｜2024年2月10日 | 競馬データベース - netkeiba,マテンロウアレス,49.2,0.0302,1.486,7,False,-1.0,0.0302,0,0.0302,0.013559322033898305,0.006032141409736642
202408020511,洛陽ステークス｜2024年2月10日 | 競馬データベース - netkeiba,リューベック,7.0,0.1859,1.301,10,False,-1.0,0.1859,0,0.1859,0.0967741935483871,0.11238171227742089
202408020601,3歳未勝利｜2024年2月11日 | 競馬データベース - netkeiba,スマッシュスルー,16.0,0.0999,1.598,10,False,-1.0,0.0999,0,0.0999,0.048582995951417,0.04043740445484657
202408020602,3歳未勝利｜2024年2月11日 | 競馬データベース - netkeiba,リリーエクスプレス,33.5,0.0432,1.447,4,False,-1.0,0.0432,0,0.0432,0.013559322033898305,0.010580032735916726
202408020603,3歳新馬｜2024年2月11日 | 競馬データベース - netkeiba,ガウラスパーク,5.0,0.2785,1.392,1,True,4.0,0.2785,1,0.2785,0.27956989247311825,0.2199111942031682
202408020604,3歳1勝クラス｜2024年2月11日 | 競馬データベース - netkeiba,モズパシュート,24.3,0.0542,1.317,5,False,-1.0,0.0542,0,0.0542,0.013559322033898305,0.01514784082611219
202408020606,3歳未勝利｜2024年2月11日 | 競馬データベース - netkeiba,ジョセフィーナ,31.8,0.0413,1.313,1,True,30.8,0.0413,1,0.0413,0.013559322033898305,0.009856121634542673
202408020607,4歳以上1勝クラス｜2024年2月11日 | 競馬データベース - netkeiba,ウイニンググレイス,20.9,0.0728,1.522,3,False,-1.0,0.0728,0,0.0728,0.018867924528301886,0.024257326529971795
202408020608,4歳以上1勝クラス｜2024年2月11日 | 競馬データベース - netkeiba,サスケ,6.6,0.2028,1.338,5,False,-1.0,0.2028,0,0.2028,0.10679611650485436,0.12988460463933302
202408020609,春日特別｜2024年2月11日 | 競馬データベース - netkeiba,トーホウガレオン,47.4,0.0343,1.626,8,False,-1.0,0.0343,0,0.0343,0.013559322033898305,0.007362024182340763
202408020612,4歳以上2勝クラス｜2024年2月11日 | 競馬データベース - netkeiba,サイレンスゴールド,18.8,0.0838,1.575,10,False,-1.0,0.0838,0,0.0838,0.023076923076923078,0.0304213290633772
202408020701,3歳未勝利｜2024年2月17日 | 競馬データベース - netkeiba,ボビーニクビッタケ,38.0,0.0413,1.569,3,False,-1.0,0.0413,0,0.0413,0.013559322033898305,0.009856121634542673
202408020702,3歳未勝利｜2024年2月17日 | 競馬データベース - netkeiba,マテンロウマルス,33.0,0.0423,1.396,12,False,-1.0,0.0423,0,0.0423,0.013559322033898305,0.010234678045472463
202408020704,3歳新馬｜2024年2月17日 | 競馬データベース - netkeiba,ウィレムスタット,14.2,0.1278,1.815,14,False,-1.0,0.1278,0,0.1278,0.048582995951417,0.06047419094492615
202408020711,京都牝馬ステークス｜2024年2月17日 | 競馬データベース - netkeiba,メイケイエール,7.6,0.1725,1.311,10,False,-1.0,0.1725,0,0.1725,0.07692307692307693,0.09924813391885144
202408020712,4歳以上2勝クラス｜2024年2月17日 | 競馬データベース - netkeiba,スペクトログラム,12.5,0.1636,2.045,9,False,-1.0,0.1636,0,0.1636,0.07608695652173914,0.09090030103100064
202408020801,3歳未勝利｜2024年2月18日 | 競馬データベース - netkeiba,ゴーゴーケイコ,19.4,0.1074,2.084,9,False,-1.0,0.1074,0,0.1074,0.048582995951417,0.0454953150322612
202408020802,3歳未勝利｜2024年2月18日 | 競馬データベース - netkeiba,リュウノシンクウハ,13.7,0.1705,2.336,3,False,-1.0,0.1705,0,0.1705,0.07692307692307693,0.09734582729147631
202408020803,3歳未勝利｜2024年2月18日 | 競馬データベース - netkeiba,ジーティーパワー,5.0,0.2651,1.326,3,False,-1.0,0.2651,0,0.2651,0.27956989247311825,0.2027115591841481
202408020807,4歳以上1勝クラス｜2024年2月18日 | 競馬データベース - netkeiba,ペネトレイトゴー,43.2,0.0396,1.711,3,False,-1.0,0.0396,0,0.0396,0.013559322033898305,0.009225173882959122
202408020808,4歳以上1勝クラス｜2024年2月18日 | 競馬データベース - netkeiba,シゲルミライ,18.8,0.0768,1.444,6,False,-1.0,0.0768,0,0.0768,0.023076923076923078,0.026433638577170862
202408020812,4歳以上2勝クラス｜2024年2月18日 | 競馬データベース - netkeiba,ミツルハピネス,26.7,0.052,1.388,4,False,-1.0,0.052,0,0.052,0.013559322033898305,0.014183940081898935
202408030101,3歳未勝利｜2024年4月20日 | 競馬データベース - netkeiba,プレゼンティーア,10.7,0.1524,1.631,6,False,-1.0,0.1524,0,0.1524,0.07608695652173914,0.08083124646531249
202408030102,3歳未勝利｜2024年4月20日 | 競馬データベース - netkeiba,メイショウムカバキ,47.6,0.0303,1.442,15,False,-1.0,0.0303,0,0.0303,0.013559322033898305,0.006063386817726662
202408030104,3歳未勝利｜2024年4月20日 | 競馬データベース - netkeiba,ショウナンダダン,52.6,0.0294,1.546,6,False,-1.0,0.0294,0,0.0294,0.013559322033898305,0.005784358479452145
202408030106,4歳以上1勝クラス｜2024年4月20日 | 競馬データベース - netkeiba,アランヴェリテ,35.5,0.0481,1.708,3,False,-1.0,0.0481,0,0.0481,0.013559322033898305,0.01253650341406736
202408030109,あやめ賞｜2024年4月20日 | 競馬データベース - netkeiba,モンディーン,19.6,0.0692,1.356,7,False,-1.0,0.0692,0,0.0692,0.018867924528301886,0.022363251215161594
202408030110,観月橋ステークス｜2024年4月20日 | 競馬データベース - netkeiba,バリアントバイオ,12.2,0.1397,1.704,4,False,-1.0,0.1397,0,0.1397,0.05454545454545454,0.0700150649601782
202408030111,天王山ステークス｜2024年4月20日 | 競馬データベース - netkeiba,パラシュラーマ,5.6,0.2489,1.394,2,False,-1.0,0.2489,0,0.2489,0.27956989247311825,0.18260053895587738
202408030201,3歳未勝利｜2024年4月21日 | 競馬データベース - netkeiba,タガノエクレール,50.3,0.0388,1.952,2,False,-1.0,0.0388,0,0.0388,0.013559322033898305,0.00893379368560218
202408030202,3歳未勝利｜2024年4月21日 | 競馬データベース - netkeiba,ユーベルメンシュ,34.6,0.0612,2.118,16,False,-1.0,0.0612,0,0.0612,0.013559322033898305,0.01837722249937237
202408030203,3歳未勝利｜2024年4月21日 | 競馬データベース - netkeiba,クセノポン,4.5,0.2921,1.314,5,False,-1.0,0.2921,0,0.2921,0.27956989247311825,0.23785630433779245
202408030208,4歳以上1勝クラス｜2024年4月21日 | 競馬データベース - netkeiba,クールジャーマン,27.5,0.0487,1.339,6,False,-1.0,0.0487,0,0.0487,0.013559322033898305,0.012784803664845966
202408030209,比良山特別｜2024年4月21日 | 競馬データベース - netkeiba,タガノカイ,45.1,0.032,1.443,6,False,-1.0,0.032,0,0.032,0.013559322033898305,0.006603739281782953
202408030210,センテニアルパークS｜2024年4月21日 | 競馬データベース - netkeiba,ヒヅルジョウ,33.7,0.0536,1.806,5,False,-1.0,0.0536,0,0.0536,0.013559322033898305,0.01488250855838452
202408030211,読売マイラーズカップ｜2024年4月21日 | 競馬データベース - netkeiba,コレペティトール,13.9,0.1225,1.703,8,False,-1.0,0.1225,0,0.1225,0.048582995951417,0.05641349628803769
202408030212,4歳以上2勝クラス｜2024年4月21日 | 競馬データベース - netkeiba,ディアサクセサー,6.0,0.2313,1.388,3,False,-1.0,0.2313,0,0.2313,0.10679611650485436,0.16165488557814048
202408030301,3歳未勝利｜2024年4月27日 | 競馬データベース - netkeiba,ナムラミック,25.0,0.0544,1.36,8,False,-1.0,0.0544,0,0.0544,0.013559322033898305,0.015236691683103383
202408030302,3歳未勝利｜2024年4月27日 | 競馬データベース - netkeiba,ソルアマゾン,40.0,0.0449,1.796,7,False,-1.0,0.0449,0,0.0449,0.013559322033898305,0.011244301960492836
202408030303,3歳未勝利｜2024年4月27日 | 競馬データベース - netkeiba,カズヴィトシャ,13.0,0.1258,1.635,10,False,-1.0,0.1258,0,0.1258,0.048582995951417,0.05892807471141948
202408030304,3歳未勝利｜2024年4月27日 | 競馬データベース - netkeiba,マコトジャーベ,29.4,0.0902,2.652,7,False,-1.0,0.0902,0,0.0902,0.023076923076923078,0.03426352852093704
202408030306,4歳以上1勝クラス｜2024年4月27日 | 競馬データベース - netkeiba,ローレルキャニオン,12.6,0.1562,1.968,1,True,11.6,0.1562,1,0.1562,0.07608695652173914,0.0841924375377629
202408030309,矢車賞｜2024年4月27日 | 競馬データベース - netkeiba,チルカーノ,4.6,0.2883,1.326,1,True,3.6,0.2883,1,0.2883,0.27956989247311825,0.23279457605515347
202408030401,3歳未勝利｜2024年4月28日 | 競馬データベース - netkeiba,カーロアヴァンティ,13.9,0.0949,1.319,2,False,-1.0,0.0949,0,0.0949,0.028744939271254842,0.03720271427666619
202408030402,3歳未勝利｜2024年4月28日 | 競馬データベース - netkeiba,クリノオリオン,54.0,0.0241,1.301,8,False,-1.0,0.0241,0,0.0241,1e-06,0.004243123815882726
202408030403,3歳未勝利｜2024年4月28日 | 競馬データベース - netkeiba,ルージュリリカル,6.4,0.2065,1.322,3,False,-1.0,0.2065,0,0.2065,0.10679611650485436,0.13385241498043482
202408030404,3歳未勝利｜2024年4月28日 | 競馬データベース - netkeiba,エイシンローテイト,60.5,0.0353,2.136,9,False,-1.0,0.0353,0,0.0353,0.013559322033898305,0.007701320415026168
202408030405,3歳1勝クラス｜2024年4月28日 | 競馬データベース - netkeiba,ドッビアーコ,10.5,0.1995,2.095,5,False,-1.0,0.1995,0,0.1995,0.10491700595051681,0.12638641737556106
202408030407,4歳以上1勝クラス｜2024年4月28日 | 競馬データベース - netkeiba,ヒルノデプラーツ,11.5,0.1583,1.82,4,False,-1.0,0.1583,0,0.1583,0.07608695652173914,0.08607430207522754
202408030409,六波羅特別｜2024年4月28日 | 競馬データベース - netkeiba,メジェド,6.8,0.201,1.367,3,False,-1.0,0.201,0,0.201,0.10679611650485436,0.1279717251786266
202408030410,ライスシャワーC｜2024年4月28日 | 競馬データベース - netkeiba,ミルトクレイモー,5.6,0.2499,1.399,2,False,-1.0,0.2499,0,0.2499,0.27956989247311825,0.18381943106257118
202408030411,天皇賞(春)｜2024年4月28日 | 競馬データベース - netkeiba,ディープボンド,27.5,0.0483,1.328,3,False,-1.0,0.0483,0,0.0483,0.013559322033898305,0.012619060594867358
202408030502,3歳未勝利｜2024年5月4日 | 競馬データベース - netkeiba,ドラゴンキッド,34.2,0.0467,1.597,10,False,-1.0,0.0467,0,0.0467,0.013559322033898305,0.011964493692439572
202408030504,3歳未勝利｜2024年5月4日 | 競馬データベース - netkeiba,カラヲヤブレ,9.8,0.1905,1.867,9,False,-1.0,0.1905,0,0.1905,0.0967741935483871,0.11704359195101603
202408030506,3歳1勝クラス｜2024年5月4日 | 競馬データベース - netkeiba,アスタールテニウム,14.3,0.1244,1.779,12,False,-1.0,0.1244,0,0.1244,0.048582995951417,0.057855718322379145
202408030507,3歳1勝クラス｜2024年5月4日 | 競馬データベース - netkeiba,ヤマニンアラクリア,194.1,0.0077,1.495,5,False,-1.0,0.0077,0,0.0077,1e-06,0.0007287918770525366
202408030508,4歳以上1勝クラス｜2024年5月4日 | 競馬データベース - netkeiba,ゼットスティール,19.3,0.0947,1.828,6,False,-1.0,0.0947,0,0.0947,0.023076923076923078,0.03707563223424607
202408030509,鴨川特別｜2024年5月4日 | 競馬データベース - netkeiba,トーアライデン,13.5,0.1113,1.503,3,False,-1.0,0.1113,0,0.1113,0.048582995951417,0.048221914439950185
202408030601,3歳未勝利｜2024年5月5日 | 競馬データベース - netkeiba,ヴァーニャ,14.8,0.125,1.85,7,False,-1.0,0.125,0,0.125,0.048582995951417,0.05831429696469715
202408030610,橘ステークス｜2024年5月5日 | 競馬データベース - netkeiba,ガロンヌ,8.6,0.178,1.531,1,True,7.6,0.178,1,0.178,0.08695652173913043,0.10455752590140062
202408030612,4歳以上1勝クラス｜2024年5月5日 | 競馬データベース - netkeiba,ドライグ,4.9,0.2835,1.389,12,False,-1.0,0.2835,0,0.2835,0.27956989247311825,0.22645317218884903
202408030703,3歳未勝利｜2024年5月11日 | 競馬データベース - netkeiba,ジュウオウ,38.2,0.0389,1.486,11,False,-1.0,0.0389,0,0.0389,0.013559322033898305,0.00897002126772448
202408030705,3歳未勝利｜2024年5月11日 | 競馬データベース - netkeiba,ヘザルフェン,4.4,0.3193,1.405,3,False,-1.0,0.3193,0,0.3193,0.27956989247311825,0.27508682036486826
202408030708,京都ハイジャンプ｜2024年5月11日 | 競馬データベース - netkeiba,トライフォーリアル,3.8,0.3662,1.392,6,False,-1.0,0.3662,0,0.3662,0.7673913043478265,0.3427323024359925
202408030802,3歳未勝利｜2024年5月12日 | 競馬データベース - netkeiba,フローラルセント,4.7,0.3032,1.425,5,False,-1.0,0.3032,0,0.3032,0.27956989247311825,0.2528441629915891
202408030803,3歳未勝利｜2024年5月12日 | 競馬データベース - netkeiba,プエルタセクレタ,12.4,0.1276,1.582,13,False,-1.0,0.1276,0,0.1276,0.048582995951417,0.060318830258050626
202408030804,3歳未勝利｜2024年5月12日 | 競馬データベース - netkeiba,タガノヘラクレス,11.5,0.1659,1.908,1,True,10.5,0.1659,1,0.1659,0.07608695652173914,0.09302848129840223
202408030806,4歳以上1勝クラス｜2024年5月12日 | 競馬データベース - netkeiba,キャロルビアンカ,100.7,0.015,1.51,7,False,-1.0,0.015,0,0.015,1e-06,0.0020347300793583573
202408030808,4歳以上1勝クラス｜2024年5月12日 | 競馬データベース - netkeiba,インクルードダイヤ,12.2,0.1232,1.503,10,False,-1.0,0.1232,0,0.1232,0.048582995951417,0.056943080716182946
202408030809,白川特別｜2024年5月12日 | 競馬データベース - netkeiba,マケルナマサムネ,91.2,0.0242,2.207,6,False,-1.0,0.0242,0,0.0242,1e-06,0.004270548698145369
202408030811,栗東ステークス｜2024年5月12日 | 競馬データベース - netkeiba,エルバリオ,26.9,0.0607,1.633,10,False,-1.0,0.0607,0,0.0607,0.013559322033898305,0.018138462116593018
202408030812,4歳以上2勝クラス｜2024年5月12日 | 競馬データベース - netkeiba,クリノグローリー,4.7,0.2963,1.393,2,False,-1.0,0.2963,0,0.2963,0.27956989247311825,0.24349247992480358
202408030904,3歳未勝利｜2024年5月18日 | 競馬データベース - netkeiba,ルージュリリカル,19.2,0.0683,1.311,13,False,-1.0,0.0683,0,0.0683,0.018867924528301886,0.021899384564955413
202408030906,3歳1勝クラス｜2024年5月18日 | 競馬データベース - netkeiba,ゴールドサーベル,25.4,0.0548,1.392,12,False,-1.0,0.0548,0,0.0548,0.013559322033898305,0.015415002369981107
202408030909,メルボルントロフィー｜2024年5月18日 | 競馬データベース - netkeiba,ビーグラッド,12.0,0.1658,1.99,6,False,-1.0,0.1658,0,0.1658,0.07608695652173914,0.0929355275856055
202408030910,シドニートロフィー｜2024年5月18日 | 競馬データベース - netkeiba,ロードマンハイム,6.5,0.2246,1.46,2,False,-1.0,0.2246,0,0.2246,0.10679611650485436,0.1539410482053579
202408030911,平安ステークス｜2024年5月18日 | 競馬データベース - netkeiba,スレイマン,4.9,0.323,1.583,10,False,-1.0,0.323,0,0.323,0.35714285714285715,0.28027723084312134
202408031002,3歳未勝利｜2024年5月19日 | 競馬データベース - netkeiba,アウローラルミエル,33.3,0.0467,1.555,13,False,-1.0,0.0467,0,0.0467,0.013559322033898305,0.011964493692439572
202408031004,3歳未勝利｜2024年5月19日 | 競馬データベース - netkeiba,サウンドヴェール,27.4,0.0563,1.543,10,False,-1.0,0.0563,0,0.0563,0.013559322033898305,0.016090875007602867
202408031101,3歳未勝利｜2024年5月25日 | 競馬データベース - netkeiba,アルシャリフ,19.1,0.0986,1.883,13,False,-1.0,0.0986,0,0.0986,0.048582995951417,0.039585753390263365
202408031110,桃山ステークス｜2024年5月25日 | 競馬データベース - netkeiba,タガノエスコート,7.7,0.2078,1.6,6,False,-1.0,0.2078,0,0.2078,0.10679611650485436,0.13525786818177968
202408031111,葵ステークス｜2024年5月25日 | 競馬データベース - netkeiba,オーキッドロマンス,6.6,0.249,1.643,10,False,-1.0,0.249,0,0.249,0.27956989247311825,0.1827222918841854
202408031112,4歳以上2勝クラス｜2024年5月25日 | 競馬データベース - netkeiba,フルメタルボディー,6.8,0.2296,1.561,14,False,-1.0,0.2296,0,0.2296,0.10679611650485436,0.15968377955469004
202408031201,3歳未勝利｜2024年5月26日 | 競馬データベース - netkeiba,ハイウェイスター,8.5,0.1604,1.363,2,False,-1.0,0.1604,0,0.1604,0.07608695652173914,0.0879734156135298
202408031204,障害4歳以上未勝利｜2024年5月26日 | 競馬データベース - netkeiba,タマモエース,16.6,0.1206,2.002,4,False,-1.0,0.1206,0,0.1206,0.048582995951417,0.054986432295726875
202408031206,3歳1勝クラス｜2024年5月26日 | 競馬データベース - netkeiba,アスクナサニエル,14.5,0.0983,1.425,8,False,-1.0,0.0983,0,0.0983,0.048582995951417,0.03939027675940747
202408031207,4歳以上1勝クラス｜2024年5月26日 | 競馬データベース - netkeiba,セルケト,24.8,0.0573,1.421,7,False,-1.0,0.0573,0,0.0573,0.013559322033898305,0.016547750802189228
202408031210,安土城ステークス｜2024年5月26日 | 競馬データベース - netkeiba,シングザットソング,5.1,0.2664,1.359,3,False,-1.0,0.2664,0,0.2664,0.27956989247311825,0.20435836424554232
202408031212,渡月橋ステークス｜2024年5月26日 | 競馬データベース - netkeiba,シロン,6.9,0.1996,1.377,3,False,-1.0,0.1996,0,0.1996,0.10554337613529594,0.12649185614295944
202408040102,3歳未勝利｜2024年6月1日 | 競馬データベース - netkeiba,トゥラッタッタ,17.9,0.1146,2.051,5,False,-1.0,0.1146,0,0.1146,0.048582995951417,0.050580074481050806
202408040104,3歳未勝利｜2024年6月1日 | 競馬データベース - netkeiba,ダノンモンテローザ,9.9,0.1735,1.718,16,False,-1.0,0.1735,0,0.1735,0.07692307692307693,0.10020498256692092
202408040105,2歳新馬｜2024年6月1日 | 競馬データベース - netkeiba,ヴェーヌドール,9.5,0.1408,1.338,4,False,-1.0,0.1408,0,0.1408,0.05454545454545454,0.07092622964922124
202408040107,3歳以上1勝クラス｜2024年6月1日 | 競馬データベース - netkeiba,ダンスフェイマス,69.1,0.0248,1.714,8,False,-1.0,0.0248,0,0.0248,1e-06,0.004436462527488405
202408040108,聖護院特別｜2024年6月1日 | 競馬データベース - netkeiba,ブレバ,95.2,0.0157,1.495,7,False,-1.0,0.0157,0,0.0157,1e-06,0.002183316315581533
202408040110,若狭湾特別｜2024年6月1日 | 競馬データベース - netkeiba,ダイシンクローバー,67.0,0.023,1.541,9,False,-1.0,0.023,0,0.023,1e-06,0.0039457765070092556
202408040112,3歳以上2勝クラス｜2024年6月1日 | 競馬データベース - netkeiba,ヤングワールド,12.2,0.1608,1.962,11,False,-1.0,0.1608,0,0.1608,0.07608695652173914,0.08833710097305576
202408040201,障害3歳以上オープン｜2024年6月2日 | 競馬データベース - netkeiba,タマモワカムシャ,14.4,0.1015,1.462,5,False,-1.0,0.1015,0,0.1015,0.048582995951417,0.04149579564461462
202408040203,3歳未勝利｜2024年6月2日 | 競馬データベース - netkeiba,ペルセイズ,12.6,0.1122,1.414,5,False,-1.0,0.1122,0,0.1122,0.048582995951417,0.04886042445435717
202408040204,3歳未勝利｜2024年6月2日 | 競馬データベース - netkeiba,トーマスフレア,39.6,0.0371,1.469,9,False,-1.0,0.0371,0,0.0371,0.013559322033898305,0.008326502244556114
202408040206,3歳未勝利｜2024年6月2日 | 競馬データベース - netkeiba,メイショウコナン,30.3,0.0545,1.651,3,False,-1.0,0.0545,0,0.0545,0.013559322033898305,0.015281193269788843
202408040207,3歳以上1勝クラス｜2024年6月2日 | 競馬データベース - netkeiba,ウールデュボヌール,14.6,0.1243,1.815,8,False,-1.0,0.1243,0,0.1243,0.048582995951417,0.05777943491433402
202408040208,3歳以上1勝クラス｜2024年6月2日 | 競馬データベース - netkeiba,バンベルク,35.9,0.0447,1.605,3,False,-1.0,0.0447,0,0.0447,0.013559322033898305,0.011165346974417883
202408040209,祇園特別｜2024年6月2日 | 競馬データベース - netkeiba,ガリレイ,24.8,0.0568,1.409,5,False,-1.0,0.0568,0,0.0568,0.013559322033898305,0.016318685423817078
202408040211,松風月ステークス｜2024年6月2日 | 競馬データベース - netkeiba,マニバドラ,4.7,0.3512,1.651,2,False,-1.0,0.3512,0,0.3512,0.75,0.32069472216954986
202408040301,3歳未勝利｜2024年6月8日 | 競馬データベース - netkeiba,タガノエクレール,8.9,0.1588,1.413,1,True,7.9,0.1588,1,0.1588,0.07608695652173914,0.08652491024013795
202408040303,3歳未勝利｜2024年6月8日 | 競馬データベース - netkeiba,トゥラッタッタ,7.7,0.2254,1.736,4,False,-1.0,0.2254,0,0.2254,0.10679611650485436,0.1548543696185246
202408040306,3歳未勝利｜2024年6月8日 | 競馬データベース - netkeiba,サンブノワ,24.2,0.0823,1.992,5,False,-1.0,0.0823,0,0.0823,0.023076923076923078,0.029547804719702617
202408040308,3歳以上2勝クラス｜2024年6月8日 | 競馬データベース - netkeiba,ランスオブサターン,26.4,0.0508,1.341,5,False,-1.0,0.0508,0,0.0508,0.013559322033898305,0.013668638783496402
202408040309,一乗寺特別｜2024年6月8日 | 競馬データベース - netkeiba,ラウダブル,12.0,0.1357,1.628,5,False,-1.0,0.1357,0,0.1357,0.05454545454545454,0.06674323040791401
202408040310,長浜特別｜2024年6月8日 | 競馬データベース - netkeiba,シゲルソロソロ,6.2,0.2207,1.368,5,False,-1.0,0.2207,0,0.2207,0.10679611650485436,0.14951898343161332
202408040401,障害3歳以上未勝利｜2024年6月9日 | 競馬データベース - netkeiba,デザートスター,40.0,0.0442,1.768,8,False,-1.0,0.0442,0,0.0442,0.013559322033898305,0.010968897429575115
202408040403,3歳未勝利｜2024年6月9日 | 競馬データベース - netkeiba,クリティカルヒット,12.1,0.1547,1.872,6,False,-1.0,0.1547,0,0.1547,0.07608695652173914,0.08285885068855857
202408040405,2歳新馬｜2024年6月9日 | 競馬データベース - netkeiba,ハックルベリー,75.5,0.0192,1.45,5,False,-1.0,0.0192,0,0.0192,1e-06,0.0029812448993100974
202408040406,3歳未勝利｜2024年6月9日 | 競馬データベース - netkeiba,ダノンアトラス,10.6,0.1261,1.337,3,False,-1.0,0.1261,0,0.1261,0.048582995951417,0.059158929935434784
202408040407,3歳以上1勝クラス｜2024年6月9日 | 競馬データベース - netkeiba,シャスティフォル,36.9,0.0426,1.572,15,False,-1.0,0.0426,0,0.0426,0.013559322033898305,0.01034930784581864
202408040409,常盤特別｜2024年6月9日 | 競馬データベース - netkeiba,ローレルキャニオン,13.7,0.2039,2.793,2,False,-1.0,0.2039,0,0.2039,0.10679611650485436,0.131059208593544
202408040410,安芸ステークス｜2024年6月9日 | 競馬データベース - netkeiba,ダイリュウホマレ,12.4,0.1073,1.331,7,False,-1.0,0.1073,0,0.1073,0.048582995951417,0.04542626577199052
202408040411,三宮ステークス｜2024年6月9日 | 競馬データベース - netkeiba,レガーメペスカ,9.4,0.1717,1.614,10,False,-1.0,0.1717,0,0.1717,0.07692307692307693,0.09848538633436607
202408040412,3歳以上1勝クラス｜2024年6月9日 | 競馬データベース - netkeiba,イツモニコニコ,10.0,0.1334,1.334,2,False,-1.0,0.1334,0,0.1334,0.05454545454545454,0.06489153924075115
202408040501,障害3歳以上オープン｜2024年6月15日 | 競馬データベース - netkeiba,クラップサンダー,12.1,0.1528,1.849,5,False,-1.0,0.1528,0,0.1528,0.07608695652173914,0.08118237165645135
202408040503,3歳未勝利｜2024年6月15日 | 競馬データベース - netkeiba,バラスルビー,58.4,0.0315,1.84,15,False,-1.0,0.0315,0,0.0315,0.013559322033898305,0.006443020167781896
202408040506,3歳未勝利｜2024年6月15日 | 競馬データベース - netkeiba,ナスカラインズ,55.7,0.024,1.337,12,False,-1.0,0.024,0,0.024,1e-06,0.004215764162124541
202408040507,3歳以上1勝クラス｜2024年6月15日 | 競馬データベース - netkeiba,ダイシンビヨンド,11.9,0.1139,1.355,4,False,-1.0,0.1139,0,0.1139,0.048582995951417,0.05007596660121541
202408040508,3歳以上1勝クラス｜2024年6月15日 | 競馬データベース - netkeiba,パシアンジャン,14.9,0.1281,1.909,2,False,-1.0,0.1281,0,0.1281,0.048582995951417,0.060707543617785416
202408040509,稲荷特別｜2024年6月15日 | 競馬データベース - netkeiba,マイネルメモリー,13.7,0.1126,1.543,1,True,12.7,0.1126,1,0.1126,0.048582995951417,0.049145321511818066
202408040512,3歳以上1勝クラス｜2024年6月15日 | 競馬データベース - netkeiba,ザウリ,16.1,0.1194,1.922,3,False,-1.0,0.1194,0,0.1194,0.048582995951417,0.05409296440231885
202408040601,3歳未勝利｜2024年6月16日 | 競馬データベース - netkeiba,セキテイレア,28.1,0.0573,1.61,6,False,-1.0,0.0573,0,0.0573,0.013559322033898305,0.016547750802189228
202408040602,3歳未勝利｜2024年6月16日 | 競馬データベース - netkeiba,サトノスフィア,36.0,0.0523,1.883,16,False,-1.0,0.0523,0,0.0523,0.013559322033898305,0.014313923106137487
202408040605,2歳新馬｜2024年6月16日 | 競馬データベース - netkeiba,イサナ,8.0,0.1798,1.438,4,False,-1.0,0.1798,0,0.1798,0.08695652173913043,0.10631983365836546
202408040606,3歳以上1勝クラス｜2024年6月16日 | 競馬データベース - netkeiba,メイショウノブカ,11.2,0.1205,1.35,9,False,-1.0,0.1205,0,0.1205,0.048582995951417,0.054911744632168455
202408040607,3歳以上1勝クラス｜2024年6月16日 | 競馬データベース - netkeiba,グルーヴビート,6.4,0.2122,1.358,7,False,-1.0,0.2122,0,0.2122,0.10679611650485436,0.1400582266824037
202408040609,皆生特別｜2024年6月16日 | 競馬データベース - netkeiba,メタルスピード,24.9,0.0761,1.895,4,False,-1.0,0.0761,0,0.0761,0.018867924528301886,0.02604736877007623
202408040610,天橋立ステークス｜2024年6月16日 | 競馬データベース - netkeiba,ペプチドソレイユ,5.9,0.2219,1.309,1,True,4.9,0.2219,1,0.2219,0.10679611650485436,0.15087422949277166
202408040611,マーメイドステークス｜2024年6月16日 | 競馬データベース - netkeiba,ミッキーゴージャス,7.5,0.1962,1.472,13,False,-1.0,0.1962,0,0.1962,0.0967741935483871,0.12292693143549391
202408040612,3歳以上2勝クラス｜2024年6月16日 | 競馬データベース - netkeiba,ダイメイセブン,23.1,0.0839,1.938,2,False,-1.0,0.0839,0,0.0839,0.023076923076923078,0.03047993047221812
202408040701,2歳未勝利｜2024年6月22日 | 競馬データベース - netkeiba,ヴェーヌドール,32.2,0.1467,4.724,3,False,-1.0,0.1467,0,0.1467,0.06316205533596862,0.07589678332772391
202408040702,3歳未勝利｜2024年6月22日 | 競馬データベース - netkeiba,ナムラリーナ,15.2,0.1115,1.695,3,False,-1.0,0.1115,0,0.1115,0.048582995951417,0.04836350518276778
202408040703,3歳未勝利｜2024年6月22日 | 競馬データベース - netkeiba,カーロアヴァンティ,6.5,0.2351,1.528,7,False,-1.0,0.2351,0,0.2351,0.10679611650485436,0.1660945799305775
202408040705,2歳新馬｜2024年6月22日 | 競馬データベース - netkeiba,モンテディアーナ,8.8,0.1533,1.349,3,False,-1.0,0.1533,0,0.1533,0.07608695652173914,0.08162216811140062
202408040707,3歳以上1勝クラス｜2024年6月22日 | 競馬データベース - netkeiba,ダズリングダンス,12.2,0.119,1.452,12,False,-1.0,0.119,0,0.119,0.048582995951417,0.05379649296176444
202408040708,3歳以上1勝クラス｜2024年6月22日 | 競馬データベース - netkeiba,クリノキングマン,35.3,0.0485,1.712,1,True,34.3,0.0485,1,0.0485,0.013559322033898305,0.012701827424562105
202408040712,3歳以上1勝クラス｜2024年6月22日 | 競馬データベース - netkeiba,テーオーダグラス,19.4,0.0974,1.89,2,False,-1.0,0.0974,0,0.0974,0.048582995951417,0.03880623235388551
202408040802,3歳未勝利｜2024年6月23日 | 競馬データベース - netkeiba,ガブリエルアクア,14.8,0.1027,1.52,5,False,-1.0,0.1027,0,0.1027,0.048582995951417,0.04229695678403344
202408040803,3歳未勝利｜2024年6月23日 | 競馬データベース - netkeiba,マックスセレナーデ,5.2,0.2575,1.339,7,False,-1.0,0.2575,0,0.2575,0.27956989247311825,0.1931808839149385
202408040805,2歳新馬｜2024年6月23日 | 競馬データベース - netkeiba,ウインポセイドン,14.9,0.1184,1.764,4,False,-1.0,0.1184,0,0.1184,0.048582995951417,0.05335305438775807
202408040808,木屋町特別｜2024年6月23日 | 競馬データベース - netkeiba,ハイディージェン,34.9,0.0523,1.825,2,False,-1.0,0.0523,0,0.0523,0.013559322033898305,0.014313923106137487
202408040809,瀬田特別｜2024年6月23日 | 競馬データベース - netkeiba,シンプリーオーサム,22.3,0.0858,1.913,3,False,-1.0,0.0858,0,0.0858,0.023076923076923078,0.03160203342181914
202408040811,宝塚記念｜2024年6月23日 | 競馬データベース - netkeiba,ローシャムパーク,10.5,0.1238,1.3,5,False,-1.0,0.1238,0,0.1238,0.048582995951417,0.057398645648004794
202408050101,2歳未勝利｜2024年10月5日 | 競馬データベース - netkeiba,セントールビースト,7.0,0.206,1.442,2,False,-1.0,0.206,0,0.206,0.10679611650485436,0.1333134240100493
202408050103,2歳未勝利｜2024年10月5日 | 競馬データベース - netkeiba,ジャスタパーティー,30.6,0.0444,1.359,7,False,-1.0,0.0444,0,0.0444,0.013559322033898305,0.01104731628977189
202408050108,3歳以上2勝クラス｜2024年10月5日 | 競馬データベース - netkeiba,ペネトレイトゴー,38.0,0.0706,2.683,7,False,-1.0,0.0706,0,0.0706,0.018867924528301886,0.023092514555368652
202408050110,大山崎ステークス｜2024年10月5日 | 競馬データベース - netkeiba,ダイリュウホマレ,12.3,0.1115,1.371,10,False,-1.0,0.1115,0,0.1115,0.048582995951417,0.04836350518276778
202408050111,夕刊フジ杯オパールS｜2024年10月5日 | 競馬データベース - netkeiba,グランテスト,5.5,0.3029,1.666,4,False,-1.0,0.3029,0,0.3029,0.27956989247311825,0.25243523343517155
202408050112,3歳以上2勝クラス｜2024年10月5日 | 競馬データベース - netkeiba,リミットバスター,7.6,0.2316,1.76,6,False,-1.0,0.2316,0,0.2316,0.10679611650485436,0.16200369888763716
202408050201,2歳未勝利｜2024年10月6日 | 競馬データベース - netkeiba,ショウナンアトレ,73.1,0.0419,3.063,2,False,-1.0,0.0419,0,0.0419,0.013559322033898305,0.010082600343521611
202408050203,2歳新馬｜2024年10月6日 | 競馬データベース - netkeiba,メイショウタイピン,5.8,0.2398,1.391,3,False,-1.0,0.2398,0,0.2398,0.10679611650485436,0.17164943633747182
202408050205,2歳新馬｜2024年10月6日 | 競馬データベース - netkeiba,レッドギフテッド,7.0,0.1889,1.322,9,False,-1.0,0.1889,0,0.1889,0.0967741935483871,0.11541329526455084
202408050206,3歳以上1勝クラス｜2024年10月6日 | 競馬データベース - netkeiba,ウインラウダ,22.8,0.0856,1.952,7,False,-1.0,0.0856,0,0.0856,0.023076923076923078,0.031483142260268444
202408050208,3歳以上2勝クラス｜2024年10月6日 | 競馬データベース - netkeiba,スターペスカオリ,78.4,0.0198,1.552,7,False,-1.0,0.0198,0,0.0198,1e-06,0.0031269197067542785
202408050302,2歳未勝利｜2024年10月12日 | 競馬データベース - netkeiba,タガノビギニング,24.4,0.1217,2.969,6,False,-1.0,0.1217,0,0.1217,0.048582995951417,0.05581077644384592
202408050304,2歳新馬｜2024年10月12日 | 競馬データベース - netkeiba,ルヴァロワール,12.8,0.117,1.498,16,False,-1.0,0.117,0,0.117,0.048582995951417,0.05232429389330089
202408050305,2歳新馬｜2024年10月12日 | 競馬データベース - netkeiba,エテルノレガーメ,13.3,0.1349,1.794,5,False,-1.0,0.1349,0,0.1349,0.05454545454545454,0.0660967037703253
202408050308,紫菊賞｜2024年10月12日 | 競馬データベース - netkeiba,スーパーチャンド,65.8,0.037,2.435,5,False,-1.0,0.037,0,0.037,0.013559322033898305,0.008291286336093965
202408050309,3歳以上2勝クラス｜2024年10月12日 | 競馬データベース - netkeiba,クリノフィガロ,24.1,0.1088,2.622,5,False,-1.0,0.1088,0,0.1088,0.048582995951417,0.04646654615765788
202408050311,大阪スポーツ杯｜2024年10月12日 | 競馬データベース - netkeiba,クールミラボー,14.3,0.1082,1.547,9,False,-1.0,0.1082,0,0.1082,0.048582995951417,0.04604926684552375
202408050403,2歳未勝利｜2024年10月13日 | 競馬データベース - netkeiba,マテンロウアトラス,13.0,0.1361,1.769,7,False,-1.0,0.1361,0,0.1361,0.05454545454545454,0.0670674760582948
202408050406,3歳以上1勝クラス｜2024年10月13日 | 競馬データベース - netkeiba,ピストンボーイ,10.7,0.1616,1.729,9,False,-1.0,0.1616,0,0.1616,0.07608695652173914,0.08906633886353962
202408050408,もみじステークス｜2024年10月13日 | 競馬データベース - netkeiba,アスゴッド,29.4,0.0522,1.535,4,False,-1.0,0.0522,0,0.0522,0.013559322033898305,0.014270544101888678
202408050411,秋華賞｜2024年10月13日 | 競馬データベース - netkeiba,ミアネーロ,13.5,0.1227,1.656,6,False,-1.0,0.1227,0,0.1227,0.048582995951417,0.056564596303921626
202408050412,亀岡特別｜2024年10月13日 | 競馬データベース - netkeiba,シンエン,13.4,0.1183,1.585,4,False,-1.0,0.1183,0,0.1183,0.048582995951417,0.05327929606853117
202408050501,2歳未勝利｜2024年10月19日 | 競馬データベース - netkeiba,レイザリオ,12.9,0.1197,1.544,4,False,-1.0,0.1197,0,0.1197,0.048582995951417,0.05431576160597899
202408050503,2歳未勝利｜2024年10月19日 | 競馬データベース - netkeiba,セイフウサツキ,20.3,0.0787,1.598,5,False,-1.0,0.0787,0,0.0787,0.023076923076923078,0.02749359712797083
202408050506,3歳以上1勝クラス｜2024年10月19日 | 競馬データベース - netkeiba,デザートスター,48.3,0.0586,2.83,5,False,-1.0,0.0586,0,0.0586,0.013559322033898305,0.017149173889411836
202408050510,宝ケ池特別｜2024年10月19日 | 競馬データベース - netkeiba,フィールザオーラ,69.1,0.0318,2.197,4,False,-1.0,0.0318,0,0.0318,0.013559322033898305,0.006539273368821469
202408050601,2歳未勝利｜2024年10月20日 | 競馬データベース - netkeiba,カンタカナリート,37.3,0.075,2.798,4,False,-1.0,0.075,0,0.075,0.018867924528301886,0.025445004508692567
202408050605,2歳新馬｜2024年10月20日 | 競馬データベース - netkeiba,ピュアコレクション,33.1,0.0488,1.615,9,False,-1.0,0.0488,0,0.0488,0.013559322033898305,0.012826370239942606
202408050606,3歳以上1勝クラス｜2024年10月20日 | 競馬データベース - netkeiba,シーリュウシー,29.2,0.078,2.278,6,False,-1.0,0.078,0,0.078,0.023076923076923078,0.027101132249228773
202408050609,清滝特別｜2024年10月20日 | 競馬データベース - netkeiba,ローレルキャニオン,6.0,0.2813,1.688,5,False,-1.0,0.2813,0,0.2813,0.27956989247311825,0.22356660379746673
202408050610,キセキC｜2024年10月20日 | 競馬データベース - netkeiba,バトルハーデン,6.5,0.2196,1.427,9,False,-1.0,0.2196,0,0.2196,0.10679611650485436,0.14828090477372297
202408050611,菊花賞｜2024年10月20日 | 競馬データベース - netkeiba,ショウナンラプンタ,23.6,0.0586,1.383,4,False,-1.0,0.0586,0,0.0586,0.013559322033898305,0.017149173889411836
202408050612,桂川ステークス｜2024年10月20日 | 競馬データベース - netkeiba,イチネンエーグミ,16.2,0.0951,1.541,7,False,-1.0,0.0951,0,0.0951,0.034412955465586995,0.03732997432437191
202408050702,2歳未勝利｜2024年10月26日 | 競馬データベース - netkeiba,ハヤテノツバサ,14.5,0.1152,1.67,6,False,-1.0,0.1152,0,0.1152,0.048582995951417,0.05101383060419331
202408050703,2歳未勝利｜2024年10月26日 | 競馬データベース - netkeiba,ミルトライディーン,11.4,0.1436,1.637,9,False,-1.0,0.1436,0,0.1436,0.05454545454545454,0.07326765372380419
202408050704,2歳新馬｜2024年10月26日 | 競馬データベース - netkeiba,ヤマニンチェルキ,13.4,0.1833,2.456,8,False,-1.0,0.1833,0,0.1833,0.09090909090909091,0.10978110869245543
202408050706,3歳以上1勝クラス｜2024年10月26日 | 競馬データベース - netkeiba,ケイアイアルタイル,14.1,0.1236,1.743,7,False,-1.0,0.1236,0,0.1236,0.048582995951417,0.057246623056028394
202408050708,萩ステークス｜2024年10月26日 | 競馬データベース - netkeiba,スーパーチャンド,137.0,0.0118,1.617,5,False,-1.0,0.0118,0,0.0118,1e-06,0.0014051899471559898
202408050712,3歳以上2勝クラス｜2024年10月26日 | 競馬データベース - netkeiba,ヴィンテージボンド,7.8,0.2369,1.848,1,True,6.8,0.2369,1,0.2369,0.10679611650485436,0.1682137083615861
202408050801,2歳未勝利｜2024年10月27日 | 競馬データベース - netkeiba,ゴッドペイズリー,76.8,0.0234,1.797,9,False,-1.0,0.0234,0,0.0234,1e-06,0.004052981426480459
202408050803,2歳未勝利｜2024年10月27日 | 競馬データベース - netkeiba,ディープサミット,9.2,0.1808,1.663,3,False,-1.0,0.1808,0,0.1808,0.08695652173913043,0.10730412109448595
202408050804,2歳新馬｜2024年10月27日 | 競馬データベース - netkeiba,カナルビーグル,14.1,0.1113,1.569,3,False,-1.0,0.1113,0,0.1113,0.048582995951417,0.048221914439950185
202408050809,北野特別｜2024年10月27日 | 競馬データベース - netkeiba,サクセスドレーク,17.7,0.079,1.398,5,False,-1.0,0.079,0,0.079,0.023076923076923078,0.02766249266688931
202408050810,古都ステークス｜2024年10月27日 | 競馬データベース - netkeiba,モンテディオ,96.8,0.0149,1.442,8,False,-1.0,0.0149,0,0.0149,1e-06,0.0020138131169219627
202408050811,カシオペアステークス｜2024年10月27日 | 競馬データベース - netkeiba,ニホンピロキーフ,4.6,0.2844,1.308,5,False,-1.0,0.2844,0,0.2844,0.27956989247311825,0.22763767226203832
202408050812,3歳以上2勝クラス｜2024年10月27日 | 競馬データベース - netkeiba,ブループリマドンナ,16.4,0.0854,1.401,4,False,-1.0,0.0854,0,0.0854,0.023076923076923078,0.03136443322689183
202408060101,2歳未勝利｜2024年11月2日 | 競馬データベース - netkeiba,ナリタボニー,46.2,0.05,2.31,7,False,-1.0,0.05,0,0.05,0.013559322033898305,0.01332923742076898
202408060102,2歳未勝利｜2024年11月2日 | 競馬データベース - netkeiba,モズノセイギ,45.4,0.0501,2.275,5,False,-1.0,0.0501,0,0.0501,0.013559322033898305,0.013371481169619
202408060103,2歳未勝利｜2024年11月2日 | 競馬データベース - netkeiba,ビップディラン,55.7,0.026,1.448,7,False,-1.0,0.026,0,0.026,1e-06,0.0047752455915899845
202408060104,2歳未勝利｜2024年11月2日 | 競馬データベース - netkeiba,オーウェンズバレー,29.6,0.0536,1.587,7,False,-1.0,0.0536,0,0.0536,0.013559322033898305,0.01488250855838452
202408060107,3歳以上1勝クラス｜2024年11月2日 | 競馬データベース - netkeiba,エアサンサーラ,5.7,0.2443,1.393,1,True,4.7,0.2443,1,0.2443,0.23749999999999827,0.17703287838985843
202408060110,貴船ステークス｜2024年11月2日 | 競馬データベース - netkeiba,ドンレパルス,14.2,0.1151,1.634,3,False,-1.0,0.1151,0,0.1151,0.048582995951417,0.050941431358600305
202408060111,KBSファンタジーS｜2024年11月2日 | 競馬データベース - netkeiba,ダンツエラン,9.5,0.1493,1.418,1,True,8.5,0.1493,1,0.1493,0.07608695652173914,0.07813154224755739
202408060112,3歳以上2勝クラス｜2024年11月2日 | 競馬データベース - netkeiba,ドンアチェカ,44.4,0.0388,1.723,3,False,-1.0,0.0388,0,0.0388,0.013559322033898305,0.00893379368560218
202408060203,2歳未勝利｜2024年11月3日 | 競馬データベース - netkeiba,テーオーミリカン,20.0,0.0787,1.574,4,False,-1.0,0.0787,0,0.0787,0.023076923076923078,0.02749359712797083
202408060205,2歳新馬｜2024年11月3日 | 競馬データベース - netkeiba,ウォータークラーク,11.8,0.1152,1.359,1,True,10.8,0.1152,1,0.1152,0.048582995951417,0.05101383060419331
202408060206,3歳以上1勝クラス｜2024年11月3日 | 競馬データベース - netkeiba,キャロルビアンカ,46.7,0.0387,1.807,5,False,-1.0,0.0387,0,0.0387,0.013559322033898305,0.008897621930084764
202408060207,3歳以上2勝クラス｜2024年11月3日 | 競馬データベース - netkeiba,ツークフォーゲル,5.7,0.2542,1.449,4,False,-1.0,0.2542,0,0.2542,0.27956989247311825,0.1890949433390495
202408060210,醍醐ステークス｜2024年11月3日 | 競馬データベース - netkeiba,ウォータールグラン,14.6,0.0941,1.374,6,False,-1.0,0.0941,0,0.0941,0.023076923076923078,0.036695454971264134
202408060211,みやこステークス｜2024年11月3日 | 競馬データベース - netkeiba,ドゥラエレーデ,6.1,0.2484,1.515,11,False,-1.0,0.2484,0,0.2484,0.27956989247311825,0.1819922294701586
202408060302,2歳未勝利｜2024年11月9日 | 競馬データベース - netkeiba,スピントロニクス,5.7,0.2624,1.496,9,False,-1.0,0.2624,0,0.2624,0.27956989247311825,0.19930661812851683
202408060303,2歳未勝利｜2024年11月9日 | 競馬データベース - netkeiba,ネオクイーン,28.0,0.0768,2.15,8,False,-1.0,0.0768,0,0.0768,0.023076923076923078,0.026433638577170862
202408060304,2歳新馬｜2024年11月9日 | 競馬データベース - netkeiba,プリンセッサ,7.5,0.1901,1.426,2,False,-1.0,0.1901,0,0.1901,0.0967741935483871,0.11663514346714204
202408060305,2歳新馬｜2024年11月9日 | 競馬データベース - netkeiba,メイショウイチモン,30.9,0.0625,1.931,8,False,-1.0,0.0625,0,0.0625,0.018867924528301886,0.01900375661983482
202408060307,3歳以上1勝クラス｜2024年11月9日 | 競馬データベース - netkeiba,エブライト,18.7,0.088,1.646,10,False,-1.0,0.088,0,0.088,0.023076923076923078,0.032921829738234175
202408060308,京都ジャンプS｜2024年11月9日 | 競馬データベース - netkeiba,メイショウアツイタ,66.0,0.0363,2.396,7,False,-1.0,0.0363,0,0.0363,0.013559322033898305,0.008046363469199984
202408060309,修学院ステークス｜2024年11月9日 | 競馬データベース - netkeiba,ショーモン,16.8,0.0989,1.662,14,False,-1.0,0.0989,0,0.0989,0.048582995951417,0.03978162715410534
202408060310,室町ステークス｜2024年11月9日 | 競馬データベース - netkeiba,ステラフィオーレ,5.5,0.2424,1.333,15,False,-1.0,0.2424,0,0.2424,0.2,0.1747521860105544
202408060311,デイリー杯2歳S｜2024年11月9日 | 競馬データベース - netkeiba,サウンドバッハ,62.2,0.0273,1.698,5,False,-1.0,0.0273,0,0.0273,0.013559322033898305,0.005152580798240267
202408060312,3歳以上2勝クラス｜2024年11月9日 | 競馬データベース - netkeiba,ダンツエスプリ,21.0,0.076,1.596,2,False,-1.0,0.076,0,0.076,0.018867924528301886,0.025992374297456135
202408060401,2歳未勝利｜2024年11月10日 | 競馬データベース - netkeiba,ダイシンリンク,29.5,0.0442,1.304,5,False,-1.0,0.0442,0,0.0442,0.013559322033898305,0.010968897429575115
202408060402,2歳未勝利｜2024年11月10日 | 競馬データベース - netkeiba,タマモジャスミン,82.6,0.0205,1.693,3,False,-1.0,0.0205,0,0.0205,1e-06,0.0033000575264025707
202408060405,2歳新馬｜2024年11月10日 | 競馬データベース - netkeiba,ヤマニンソレアード,29.6,0.0486,1.439,7,False,-1.0,0.0486,0,0.0486,0.013559322033898305,0.01274328938320945
202408060407,3歳以上2勝クラス｜2024年11月10日 | 競馬データベース - netkeiba,オーバーザドリーム,57.3,0.0259,1.484,8,False,-1.0,0.0259,0,0.0259,1e-06,0.004746662211778633
202408060409,黄菊賞｜2024年11月10日 | 競馬データベース - netkeiba,マハートマーベル,87.1,0.02,1.742,7,False,-1.0,0.02,0,0.02,1e-06,0.003176039508291331
202408060410,ラッキーライラックC｜2024年11月10日 | 競馬データベース - netkeiba,メイショウコガシラ,16.1,0.1229,1.979,10,False,-1.0,0.1229,0,0.1229,0.048582995951417,0.056715864209417634
202408060411,エリザベス女王杯｜2024年11月10日 | 競馬データベース - netkeiba,ホールネス,8.7,0.262,2.279,3,False,-1.0,0.262,0,0.262,0.27956989247311825,0.19880395576208826
202408060412,ドンカスターカップ｜2024年11月10日 | 競馬データベース - netkeiba,モズアンタレス,6.6,0.2447,1.615,5,False,-1.0,0.2447,0,0.2447,0.25,0.17751444649539494
202408060503,2歳未勝利｜2024年11月16日 | 競馬データベース - netkeiba,ダブルシルバー,17.0,0.0797,1.355,9,False,-1.0,0.0797,0,0.0797,0.023076923076923078,0.028058204315794817
202408060504,2歳未勝利｜2024年11月16日 | 競馬データベース - netkeiba,セイフウサツキ,11.5,0.1179,1.356,7,False,-1.0,0.1179,0,0.1179,0.048582995951417,0.052984686271520275
202408060506,2歳新馬｜2024年11月16日 | 競馬データベース - netkeiba,メイショウズイウン,12.6,0.132,1.663,4,False,-1.0,0.132,0,0.132,0.05454545454545454,0.06377506254220247
202408060508,3歳以上2勝クラス｜2024年11月16日 | 競馬データベース - netkeiba,エンセリオ,16.9,0.1021,1.725,11,False,-1.0,0.1021,0,0.1021,0.048582995951417,0.04189558808138494
202408060509,秋明菊賞｜2024年11月16日 | 競馬データベース - netkeiba,ハリーケーン,70.8,0.0187,1.324,9,False,-1.0,0.0187,0,0.0187,1e-06,0.002861795530846853
202408060510,近江特別｜2024年11月16日 | 競馬データベース - netkeiba,ハーバーライト,7.0,0.2031,1.422,10,False,-1.0,0.2031,0,0.2031,0.10679611650485436,0.13020452899805823
202408060511,アンドロメダS｜2024年11月16日 | 競馬データベース - netkeiba,トップナイフ,6.3,0.2329,1.467,3,False,-1.0,0.2329,0,0.2329,0.10679611650485436,0.16351857715999776
202408060602,2歳未勝利｜2024年11月17日 | 競馬データベース - netkeiba,レイヤー,38.8,0.0637,2.472,10,False,-1.0,0.0637,0,0.0637,0.018867924528301886,0.019589447306122738
202408060607,3歳以上1勝クラス｜2024年11月17日 | 競馬データベース - netkeiba,マジックブルー,12.4,0.1176,1.458,5,False,-1.0,0.1176,0,0.1176,0.048582995951417,0.052764173814143694
202408060609,比叡ステークス｜2024年11月17日 | 競馬データベース - netkeiba,アスターブジエ,16.2,0.1109,1.797,6,False,-1.0,0.1109,0,0.1109,0.048582995951417,0.04793924833466787
202408060610,グランアレグリアC｜2024年11月17日 | 競馬データベース - netkeiba,タマモダイジョッキ,11.6,0.1145,1.328,4,False,-1.0,0.1145,0,0.1145,0.048582995951417,0.05050793103585793
202408060612,壬生特別｜2024年11月17日 | 競馬データベース - netkeiba,ジャスティンアース,9.7,0.1583,1.536,8,False,-1.0,0.1583,0,0.1583,0.07608695652173914,0.08607430207522754
202408060701,2歳未勝利｜2024年11月23日 | 競馬データベース - netkeiba,サラダ,14.1,0.1158,1.633,9,False,-1.0,0.1158,0,0.1158,0.048582995951417,0.05144912044698492
202408060702,2歳未勝利｜2024年11月23日 | 競馬データベース - netkeiba,シーク,28.7,0.0831,2.385,12,False,-1.0,0.0831,0,0.0831,0.023076923076923078,0.030012400863334364
202408060703,2歳未勝利｜2024年11月23日 | 競馬データベース - netkeiba,テーオーミリカン,19.2,0.0779,1.496,8,False,-1.0,0.0779,0,0.0779,0.023076923076923078,0.027045251717311147
202408060704,障害3歳以上未勝利｜2024年11月23日 | 競馬データベース - netkeiba,コンテナワールド,13.9,0.1285,1.786,4,False,-1.0,0.1285,0,0.1285,0.048582995951417,0.06101926190706596
202408060707,3歳以上1勝クラス｜2024年11月23日 | 競馬データベース - netkeiba,メイショウヤーキス,6.3,0.2067,1.302,6,False,-1.0,0.2067,0,0.2067,0.10679611650485436,0.13406825552206658
202408060708,3歳以上1勝クラス｜2024年11月23日 | 競馬データベース - netkeiba,メイショウコナン,18.9,0.1192,2.253,3,False,-1.0,0.1192,0,0.1192,0.048582995951417,0.05394464415440854
202408060709,栂尾特別｜2024年11月23日 | 競馬データベース - netkeiba,ヘヴンリーハンド,54.2,0.0295,1.599,4,False,-1.0,0.0295,0,0.0295,0.013559322033898305,0.005815118743467973
202408060710,コントレイルM｜2024年11月23日 | 競馬データベース - netkeiba,ダンツエスプリ,35.0,0.0624,2.184,7,False,-1.0,0.0624,0,0.0624,0.018867924528301886,0.018955267123197516
202408060711,ラジオN杯京都2歳S｜2024年11月23日 | 競馬データベース - netkeiba,テイクイットオール,47.5,0.0291,1.382,6,False,-1.0,0.0291,0,0.0291,0.013559322033898305,0.005692443647331402
202408060802,2歳未勝利｜2024年11月24日 | 競馬データベース - netkeiba,ピコビジュー,11.6,0.1267,1.47,6,False,-1.0,0.1267,0,0.1267,0.048582995951417,0.05962176588377726
202408060803,2歳未勝利｜2024年11月24日 | 競馬データベース - netkeiba,オーケーダイナ,16.6,0.0815,1.353,8,False,-1.0,0.0815,0,0.0815,0.023076923076923078,0.029086148428732913
202408060807,3歳以上1勝クラス｜2024年11月24日 | 競馬データベース - netkeiba,アレンテージョ,4.5,0.2965,1.334,7,False,-1.0,0.2965,0,0.2965,0.27956989247311825,0.2437619429734809
202408060808,3歳以上2勝クラス｜2024年11月24日 | 競馬データベース - netkeiba,カリフォルニア,11.6,0.1222,1.418,16,False,-1.0,0.1222,0,0.1222,0.048582995951417,0.056187161201885556
202408060812,京阪杯｜2024年11月24日 | 競馬データベース - netkeiba,ビッグシーザー,4.7,0.336,1.579,1,True,3.7,0.336,1,0.336,0.35714285714285715,0.29872938230787016
202408070101,2歳未勝利｜2024年11月30日 | 競馬データベース - netkeiba,バレオリア,15.8,0.0924,1.46,4,False,-1.0,0.0924,0,0.0924,0.023076923076923078,0.0356270099544746
202408070103,2歳未勝利｜2024年11月30日 | 競馬データベース - netkeiba,ダイシンレアレア,16.0,0.1498,2.397,2,False,-1.0,0.1498,0,0.1498,0.07608695652173914,0.07856439525548019
202408070104,2歳新馬｜2024年11月30日 | 競馬データベース - netkeiba,リメンバーヒム,51.6,0.0282,1.455,5,False,-1.0,0.0282,0,0.0282,0.013559322033898305,0.005420009188501667
202408070105,2歳新馬｜2024年11月30日 | 競馬データベース - netkeiba,セシアンベリル,13.7,0.1064,1.458,9,False,-1.0,0.1064,0,0.1064,0.048582995951417,0.04480677204969385
202408070107,3歳以上1勝クラス｜2024年11月30日 | 競馬データベース - netkeiba,トーレ,21.0,0.0936,1.966,3,False,-1.0,0.0936,0,0.0936,0.023076923076923078,0.036379866571970496
202408070111,チャレンジカップ｜2024年11月30日 | 競馬データベース - netkeiba,ダノンエアズロック,4.7,0.3003,1.411,7,False,-1.0,0.3003,0,0.3003,0.27956989247311825,0.24889999646577401
202408070112,3歳以上2勝クラス｜2024年11月30日 | 競馬データベース - netkeiba,ルーチェロッサ,83.3,0.0292,2.432,7,False,-1.0,0.0292,0,0.0292,0.013559322033898305,0.005723020862296337
202408070202,2歳未勝利｜2024年12月1日 | 競馬データベース - netkeiba,ジャニーヌ,23.2,0.0683,1.585,7,False,-1.0,0.0683,0,0.0683,0.018867924528301886,0.021899384564955413
202408070203,2歳未勝利｜2024年12月1日 | 競馬データベース - netkeiba,ハイアップグレード,30.7,0.0738,2.266,6,False,-1.0,0.0738,0,0.0738,0.018867924528301886,0.02479435516087256
202408070204,障害3歳以上未勝利｜2024年12月1日 | 競馬データベース - netkeiba,アルデドゥオーモ,13.9,0.1743,2.423,5,False,-1.0,0.1743,0,0.1743,0.07692307692307693,0.10097318754477265
202408070205,2歳新馬｜2024年12月1日 | 競馬データベース - netkeiba,エンチャントリバー,47.7,0.0285,1.359,5,False,-1.0,0.0285,0,0.0285,0.013559322033898305,0.005510267082686732
202408070206,2歳新馬｜2024年12月1日 | 競馬データベース - netkeiba,ニホンピロカミーノ,28.4,0.0725,2.059,6,False,-1.0,0.0725,0,0.0725,0.018867924528301886,0.024097138485073267
202408070207,3歳以上1勝クラス｜2024年12月1日 | 競馬データベース - netkeiba,ワイノナオミ,6.5,0.2274,1.478,4,False,-1.0,0.2274,0,0.2274,0.10679611650485436,0.15714688770213764
202408070209,聚楽第特別｜2024年12月1日 | 競馬データベース - netkeiba,ウインメイフラワー,43.7,0.0321,1.403,9,False,-1.0,0.0321,0,0.0321,0.013559322033898305,0.006636061191382191
202408070210,嵯峨野ステークス｜2024年12月1日 | 競馬データベース - netkeiba,ワイドアラジン,39.1,0.0494,1.932,11,False,-1.0,0.0494,0,0.0494,0.013559322033898305,0.013076866212414023
202408070211,ギャラクシーS｜2024年12月1日 | 競馬データベース - netkeiba,パウオレ,14.9,0.1095,1.632,13,False,-1.0,0.1095,0,0.1095,0.048582995951417,0.04695533589193426
202408070301,2歳未勝利｜2024年12月7日 | 競馬データベース - netkeiba,ナリタヒカリ,14.9,0.1079,1.608,2,False,-1.0,0.1079,0,0.1079,0.048582995951417,0.04584121052426248
202408070302,2歳未勝利｜2024年12月7日 | 競馬データベース - netkeiba,キンセンオー,53.8,0.0558,3.002,4,False,-1.0,0.0558,0,0.0558,0.013559322033898305,0.015864322415690812
202408070303,2歳未勝利｜2024年12月7日 | 競馬データベース - netkeiba,モーリシャスアロマ,30.7,0.069,2.118,9,False,-1.0,0.069,0,0.069,0.018867924528301886,0.022259834648008802
202408070304,障害3歳以上オープン｜2024年12月7日 | 競馬データベース - netkeiba,ナリノモンターニュ,12.4,0.1617,2.005,2,False,-1.0,0.1617,0,0.1617,0.07608695652173914,0.08915766848810665
202408070305,2歳新馬｜2024年12月7日 | 競馬データベース - netkeiba,レジポッセ,24.2,0.0661,1.6,5,False,-1.0,0.0661,0,0.0661,0.018867924528301886,0.020781867366534073
202408070306,2歳新馬｜2024年12月7日 | 競馬データベース - netkeiba,メイショウアイナ,25.0,0.0839,2.098,4,False,-1.0,0.0839,0,0.0839,0.023076923076923078,0.03047993047221812
202408070307,2歳未勝利｜2024年12月7日 | 競馬データベース - netkeiba,ダイヤノエース,59.4,0.022,1.307,8,False,-1.0,0.022,0,0.022,1e-06,0.0036824209174989566
202408070309,エリカ賞｜2024年12月7日 | 競馬データベース - netkeiba,トリポリタニア,18.9,0.1116,2.109,4,False,-1.0,0.1116,0,0.1116,0.048582995951417,0.04843436494587437
202408070310,花見小路特別｜2024年12月7日 | 競馬データベース - netkeiba,ダディーズトリップ,18.0,0.081,1.458,4,False,-1.0,0.081,0,0.081,0.023076923076923078,0.028799109015335028
202408070311,リゲルステークス｜2024年12月7日 | 競馬データベース - netkeiba,シリウスコルト,23.9,0.0563,1.346,11,False,-1.0,0.0563,0,0.0563,0.013559322033898305,0.016090875007602867
202408070312,3歳以上2勝クラス｜2024年12月7日 | 競馬データベース - netkeiba,ショウナンハウル,15.3,0.0987,1.51,10,False,-1.0,0.0987,0,0.0987,0.048582995951417,0.03965100053221991
202408070403,2歳未勝利｜2024年12月8日 | 競馬データベース - netkeiba,ゲレル,18.1,0.1464,2.65,7,False,-1.0,0.1464,0,0.1464,0.05454545454545454,0.0756406657891294
202408070404,2歳新馬｜2024年12月8日 | 競馬データベース - netkeiba,シャインステラ,10.6,0.1734,1.838,16,False,-1.0,0.1734,0,0.1734,0.07692307692307693,0.10010912720912078
202408070405,2歳新馬｜2024年12月8日 | 競馬データベース - netkeiba,ギフテッドアベリア,25.1,0.0567,1.423,7,False,-1.0,0.0567,0,0.0567,0.013559322033898305,0.01627302285262519
202408070406,2歳1勝クラス｜2024年12月8日 | 競馬データベース - netkeiba,フェニーチェドーロ,14.6,0.1552,2.266,6,False,-1.0,0.1552,0,0.1552,0.07608695652173914,0.08330239587783286
202408070408,3歳以上2勝クラス｜2024年12月8日 | 競馬データベース - netkeiba,ヘルメース,27.6,0.0559,1.543,10,False,-1.0,0.0559,0,0.0559,0.013559322033898305,0.015909532169306264
202408070409,オリオンステークス｜2024年12月8日 | 競馬データベース - netkeiba,オープンファイア,17.5,0.0942,1.648,8,False,-1.0,0.0942,0,0.0942,0.023076923076923078,0.036758706447514694
202408070410,ブエナビスタC｜2024年12月8日 | 競馬データベース - netkeiba,レアンダー,43.9,0.0609,2.674,8,False,-1.0,0.0609,0,0.0609,0.013559322033898305,0.018233818331230393
202408070501,2歳未勝利｜2024年12月14日 | 競馬データベース - netkeiba,ミキノバカラ,12.6,0.1127,1.42,8,False,-1.0,0.1127,0,0.1127,0.048582995951417,0.049216652869085754
202408070502,2歳未勝利｜2024年12月14日 | 競馬データベース - netkeiba,ヒフミバンダム,21.6,0.0681,1.471,1,True,20.6,0.0681,1,0.0681,0.018867924528301886,0.02179683020431072
202408070503,2歳未勝利｜2024年12月14日 | 競馬データベース - netkeiba,スキャットメロディ,65.8,0.0211,1.388,8,False,-1.0,0.0211,0,0.0211,1e-06,0.0034511590545370356
202408070504,障害3歳以上オープン｜2024年12月14日 | 競馬データベース - netkeiba,エンデュミオン,14.4,0.1353,1.948,3,False,-1.0,0.1353,0,0.1353,0.05454545454545454,0.06641963947486934
202408070505,2歳新馬｜2024年12月14日 | 競馬データベース - netkeiba,ジーティーハート,12.9,0.1241,1.601,10,False,-1.0,0.1241,0,0.1241,0.048582995951417,0.05762699362838066
202408070506,2歳新馬｜2024年12月14日 | 競馬データベース - netkeiba,ベルトネ,11.4,0.1771,2.019,2,False,-1.0,0.1771,0,0.1771,0.08695652173913043,0.10368092174981179
202408070508,3歳以上1勝クラス｜2024年12月14日 | 競馬データベース - netkeiba,ソルアマゾン,62.2,0.0257,1.599,10,False,-1.0,0.0257,0,0.0257,1e-06,0.004689686380585463
202408070509,深草特別｜2024年12月14日 | 競馬データベース - netkeiba,エブリモーメント,12.5,0.1223,1.529,8,False,-1.0,0.1223,0,0.1223,0.048582995951417,0.05626256422788512
202408070510,出町特別｜2024年12月14日 | 競馬データベース - netkeiba,チカミリオン,16.5,0.0807,1.332,6,False,-1.0,0.0807,0,0.0807,0.023076923076923078,0.028627438468383417
202408070511,タンザナイトS｜2024年12月14日 | 競馬データベース - netkeiba,バースクライ,8.2,0.1757,1.441,3,False,-1.0,0.1757,0,0.1757,0.07692307692307693,0.10232336306050115
202408070601,2歳未勝利｜2024年12月15日 | 競馬データベース - netkeiba,バレオリア,20.2,0.0897,1.812,10,False,-1.0,0.0897,0,0.0897,0.023076923076923078,0.03395668000497193
202408070602,2歳未勝利｜2024年12月15日 | 競馬データベース - netkeiba,メイショウタイピン,38.0,0.0681,2.588,4,False,-1.0,0.0681,0,0.0681,0.018867924528301886,0.02179683020431072
202408070603,2歳未勝利｜2024年12月15日 | 競馬データベース - netkeiba,レインオンミー,31.0,0.0593,1.838,14,False,-1.0,0.0593,0,0.0593,0.013559322033898305,0.01747650614536993
202408070604,2歳未勝利｜2024年12月15日 | 競馬データベース - netkeiba,ハミルトン,19.0,0.1237,2.35,6,False,-1.0,0.1237,0,0.1237,0.048582995951417,0.057322613407039105
202408070605,2歳新馬｜2024年12月15日 | 競馬データベース - netkeiba,ワインクーラー,11.9,0.117,1.392,4,False,-1.0,0.117,0,0.117,0.048582995951417,0.05232429389330089
202408070609,小倉山特別｜2024年12月15日 | 競馬データベース - netkeiba,メジャークオリティ,90.7,0.0145,1.315,9,False,-1.0,0.0145,0,0.0145,1e-06,0.0019309274603197977
202408070610,サリオスC｜2024年12月15日 | 競馬データベース - netkeiba,ガンウルフ,26.5,0.0538,1.426,5,False,-1.0,0.0538,0,0.0538,0.013559322033898305,0.01497074906576249
202408070612,東山ステークス｜2024年12月15日 | 競馬データベース - netkeiba,レベレンシア,11.2,0.1191,1.334,4,False,-1.0,0.1191,0,0.1191,0.048582995951417,0.05387054742197995
202408070701,2歳未勝利｜2024年12月21日 | 競馬データベース - netkeiba,レッドボブ,13.3,0.1312,1.745,4,False,-1.0,0.1312,0,0.1312,0.048582995951417,0.06314070146010285
202408070702,2歳未勝利｜2024年12月21日 | 競馬データベース - netkeiba,サファリ,20.6,0.0705,1.452,8,False,-1.0,0.0705,0,0.0705,0.018867924528301886,0.02304011450374556
202408070703,2歳未勝利｜2024年12月21日 | 競馬データベース - netkeiba,ロードシュヴァリエ,38.9,0.0483,1.879,1,True,37.9,0.0483,1,0.0483,0.013559322033898305,0.012619060594867358
202408070704,2歳未勝利｜2024年12月21日 | 競馬データベース - netkeiba,ロットブラータ,12.8,0.1365,1.747,2,False,-1.0,0.1365,0,0.1365,0.05454545454545454,0.06739237591509585
202408070706,2歳新馬｜2024年12月21日 | 競馬データベース - netkeiba,トウタツ,26.0,0.059,1.534,1,True,25.0,0.059,1,0.059,0.013559322033898305,0.017335922565341333
202408070709,万両賞｜2024年12月21日 | 競馬データベース - netkeiba,インブロリオ,5.8,0.2572,1.492,8,False,-1.0,0.2572,0,0.2572,0.27956989247311825,0.19280810972839899
202408070710,御陵ステークス｜2024年12月21日 | 競馬データベース - netkeiba,ヴィンテージボンド,8.6,0.2315,1.991,9,False,-1.0,0.2315,0,0.2315,0.10679611650485436,0.1618873954842587
202408070712,3歳以上2勝クラス｜2024年12月21日 | 競馬データベース - netkeiba,エメリヨン,13.1,0.1095,1.434,6,False,-1.0,0.1095,0,0.1095,0.048582995951417,0.04695533589193426
202408070803,2歳未勝利｜2024年12月22日 | 競馬データベース - netkeiba,ウィンストン,4.4,0.3071,1.351,1,True,3.4,0.3071,1,0.3071,0.27956989247311825,0.2581791406432211
202408070804,2歳新馬｜2024年12月22日 | 競馬データベース - netkeiba,テルアスワッド,7.9,0.1766,1.395,2,False,-1.0,0.1766,0,0.1766,0.08695652173913043,0.10319523327587808
202408070805,障害3歳以上未勝利｜2024年12月22日 | 競馬データベース - netkeiba,アルデドゥオーモ,27.5,0.0587,1.614,6,False,-1.0,0.0587,0,0.0587,0.013559322033898305,0.017195786412374032
202408070808,3歳以上2勝クラス｜2024年12月22日 | 競馬データベース - netkeiba,アストラカ,14.4,0.0928,1.336,8,False,-1.0,0.0928,0,0.0928,0.023076923076923078,0.035877246830002846
202408070810,サンタクロースS｜2024年12月22日 | 競馬データベース - netkeiba,シュタールヴィント,16.3,0.0808,1.317,3,False,-1.0,0.0808,0,0.0808,0.023076923076923078,0.028684615862275768
202408070901,2歳未勝利｜2024年12月28日 | 競馬データベース - netkeiba,ダイシンリンク,13.7,0.1139,1.56,1,True,12.7,0.1139,1,0.1139,0.048582995951417,0.05007596660121541
202408070904,障害3歳以上未勝利｜2024年12月28日 | 競馬データベース - netkeiba,シュハリ,8.8,0.2117,1.863,12,False,-1.0,0.2117,0,0.2117,0.10679611650485436,0.13950937053731674
202408070911,ベテルギウスS｜2024年12月28日 | 競馬データベース - netkeiba,サンライズアリオン,11.8,0.1217,1.436,13,False,-1.0,0.1217,0,0.1217,0.048582995951417,0.05581077644384592
202409010103,3歳未勝利｜2024年2月24日 | 競馬データベース - netkeiba,イエローサファイア,60.1,0.0387,2.326,7,False,-1.0,0.0387,0,0.0387,0.013559322033898305,0.008897621930084764
202409010104,3歳未勝利｜2024年2月24日 | 競馬データベース - netkeiba,メイショウヤスマサ,26.8,0.0491,1.316,7,False,-1.0,0.0491,0,0.0491,0.013559322033898305,0.012951383432238438
202409010105,3歳未勝利｜2024年2月24日 | 競馬データベース - netkeiba,ヘザルフェン,8.2,0.2397,1.966,5,False,-1.0,0.2397,0,0.2397,0.10679611650485436,0.171530522116195
202409010110,伊丹ステークス｜2024年2月24日 | 競馬データベース - netkeiba,イーサンバーニング,12.3,0.1372,1.688,9,False,-1.0,0.1372,0,0.1372,0.05454545454545454,0.06796252331277941
202409010111,仁川ステークス｜2024年2月24日 | 競馬データベース - netkeiba,バハルダール,7.8,0.1784,1.392,16,False,-1.0,0.1784,0,0.1784,0.08695652173913043,0.10494810239618597
202409010112,4歳以上2勝クラス｜2024年2月24日 | 競馬データベース - netkeiba,ショウナンマッハ,10.1,0.1303,1.316,8,False,-1.0,0.1303,0,0.1303,0.048582995951417,0.06243020339818626
202409010203,3歳未勝利｜2024年2月25日 | 競馬データベース - netkeiba,レオボヌール,34.0,0.0447,1.52,6,False,-1.0,0.0447,0,0.0447,0.013559322033898305,0.011165346974417883
202409010205,3歳1勝クラス｜2024年2月25日 | 競馬データベース - netkeiba,ネグレスコ,11.8,0.1379,1.627,1,True,10.8,0.1379,1,0.1379,0.05454545454545454,0.06853466991838085
202409010206,4歳以上1勝クラス｜2024年2月25日 | 競馬データベース - netkeiba,アナザーエース,32.6,0.0406,1.324,2,False,-1.0,0.0406,0,0.0406,0.013559322033898305,0.009594390492151788
202409010209,松籟ステークス｜2024年2月25日 | 競馬データベース - netkeiba,ホウオウエクレール,8.0,0.1968,1.574,6,False,-1.0,0.1968,0,0.1968,0.0967741935483871,0.12355303506362071
202409010210,マーガレットS｜2024年2月25日 | 競馬データベース - netkeiba,ビッグドリーム,4.2,0.3152,1.324,8,False,-1.0,0.3152,0,0.3152,0.27956989247311825,0.2693687128644815
202409010301,3歳未勝利｜2024年3月2日 | 競馬データベース - netkeiba,ハイウェイスター,4.9,0.2885,1.414,6,False,-1.0,0.2885,0,0.2885,0.27956989247311825,0.23306007776083254
202409010303,3歳未勝利｜2024年3月2日 | 競馬データベース - netkeiba,ミレフォス,13.3,0.1001,1.331,8,False,-1.0,0.1001,0,0.1001,0.048582995951417,0.0405690882024474
202409010304,3歳未勝利｜2024年3月2日 | 競馬データベース - netkeiba,グランスカーレット,25.4,0.0567,1.44,18,False,-1.0,0.0567,0,0.0567,0.013559322033898305,0.01627302285262519
202409010305,3歳未勝利｜2024年3月2日 | 競馬データベース - netkeiba,アルマーザアミール,34.1,0.0686,2.339,12,False,-1.0,0.0686,0,0.0686,0.018867924528301886,0.022053575753781585
202409010306,3歳1勝クラス｜2024年3月2日 | 競馬データベース - netkeiba,ポルポラジール,27.1,0.0552,1.496,2,False,-1.0,0.0552,0,0.0552,0.013559322033898305,0.015594123727171443
202409010307,4歳以上1勝クラス｜2024年3月2日 | 競馬データベース - netkeiba,アズマサクラエモン,175.9,0.0074,1.302,8,False,-1.0,0.0074,0,0.0074,1e-06,0.0006856549940437166
202409010310,なにわステークス｜2024年3月2日 | 競馬データベース - netkeiba,コパノパサディナ,6.9,0.2474,1.707,1,True,5.9,0.2474,1,0.2474,0.27956989247311825,0.18077789096563313
202409010312,4歳以上2勝クラス｜2024年3月2日 | 競馬データベース - netkeiba,コナブラック,14.1,0.1272,1.794,3,False,-1.0,0.1272,0,0.1272,0.048582995951417,0.060008607804606554
202409010401,3歳未勝利｜2024年3月3日 | 競馬データベース - netkeiba,コンスピリート,12.3,0.1257,1.546,11,False,-1.0,0.1257,0,0.1257,0.048582995951417,0.05885120639486302
202409010403,3歳未勝利｜2024年3月3日 | 競馬データベース - netkeiba,リリーエクスプレス,10.6,0.2028,2.15,6,False,-1.0,0.2028,0,0.2028,0.10679611650485436,0.12988460463933302
202409010404,3歳未勝利｜2024年3月3日 | 競馬データベース - netkeiba,バラン,94.8,0.015,1.422,6,False,-1.0,0.015,0,0.015,1e-06,0.0020347300793583573
202409010405,3歳1勝クラス｜2024年3月3日 | 競馬データベース - netkeiba,パドマ,5.7,0.2373,1.353,4,False,-1.0,0.2373,0,0.2373,0.10679611650485436,0.1686860229468408
202409010406,4歳以上1勝クラス｜2024年3月3日 | 競馬データベース - netkeiba,フィッシュポンド,48.0,0.0332,1.594,6,False,-1.0,0.0332,0,0.0332,0.013559322033898305,0.006995497997900962
202409010407,4歳以上1勝クラス｜2024年3月3日 | 競馬データベース - netkeiba,マケルナマサムネ,25.9,0.1346,3.486,4,False,-1.0,0.1346,0,0.1346,0.05454545454545454,0.06585493229326717
202409010408,アルメリア賞｜2024年3月3日 | 競馬データベース - netkeiba,コパノアントニオ,126.3,0.0148,1.869,6,False,-1.0,0.0148,0,0.0148,1e-06,0.001992974166846859
202409010503,3歳未勝利｜2024年3月9日 | 競馬データベース - netkeiba,アクロポリス,13.6,0.1479,2.011,8,False,-1.0,0.1479,0,0.1479,0.07608695652173914,0.07692485529857737
202409010507,4歳以上1勝クラス｜2024年3月9日 | 競馬データベース - netkeiba,グラングスト,11.7,0.1986,2.324,9,False,-1.0,0.1986,0,0.1986,0.09927967428750395,0.1254390688428611
202409010508,阪神スプリングJ｜2024年3月9日 | 競馬データベース - netkeiba,マッスルビーチ,33.7,0.0639,2.153,7,False,-1.0,0.0639,0,0.0639,0.018867924528301886,0.01968774614009324
202409010509,ゆきやなぎ賞｜2024年3月9日 | 競馬データベース - netkeiba,ウールデュボヌール,14.2,0.1271,1.805,6,False,-1.0,0.1271,0,0.1271,0.048582995951417,0.059931156180363786
202409010510,難波ステークス｜2024年3月9日 | 競馬データベース - netkeiba,ポッドボレット,12.6,0.1299,1.637,9,False,-1.0,0.1299,0,0.1299,0.048582995951417,0.062115501307187036
202409010511,コーラルステークス｜2024年3月9日 | 競馬データベース - netkeiba,メタマックス,9.5,0.1872,1.778,11,False,-1.0,0.1872,0,0.1872,0.0967741935483871,0.11369134796341668
202409010512,4歳以上2勝クラス｜2024年3月9日 | 競馬データベース - netkeiba,カレンマックナイト,18.6,0.0766,1.425,13,False,-1.0,0.0766,0,0.0766,0.023076923076923078,0.026323042255089264
202409010604,3歳未勝利｜2024年3月10日 | 競馬データベース - netkeiba,ソルアマゾン,15.8,0.1149,1.815,9,False,-1.0,0.1149,0,0.1149,0.048582995951417,0.05079676071169907
202409010606,3歳1勝クラス｜2024年3月10日 | 競馬データベース - netkeiba,ロードフォアエース,5.1,0.2606,1.329,1,True,4.1,0.2606,1,0.2606,0.27956989247311825,0.19704826483952848
202409010607,4歳以上1勝クラス｜2024年3月10日 | 競馬データベース - netkeiba,ダイシンビヨンド,8.9,0.1576,1.403,3,False,-1.0,0.1576,0,0.1576,0.07608695652173914,0.08544509363573007
202409010611,フィリーズレビュー｜2024年3月10日 | 競馬データベース - netkeiba,カルチャーデイ,15.0,0.1129,1.694,7,False,-1.0,0.1129,0,0.1129,0.048582995951417,0.04935944403396901
202409010701,3歳未勝利｜2024年3月16日 | 競馬データベース - netkeiba,ニホンピロケイ,29.8,0.0458,1.365,6,False,-1.0,0.0458,0,0.0458,0.013559322033898305,0.011602243441407346
202409010702,3歳未勝利｜2024年3月16日 | 競馬データベース - netkeiba,アラタマフェーヴル,9.5,0.1397,1.327,5,False,-1.0,0.1397,0,0.1397,0.05454545454545454,0.0700150649601782
202409010704,3歳未勝利｜2024年3月16日 | 競馬データベース - netkeiba,ロサンゼルス,26.3,0.0925,2.433,9,False,-1.0,0.0925,0,0.0925,0.023076923076923078,0.03568950205246808
202409010708,4歳以上2勝クラス｜2024年3月16日 | 競馬データベース - netkeiba,テレパシー,15.7,0.0903,1.418,9,False,-1.0,0.0903,0,0.0903,0.023076923076923078,0.03432503328297179
202409010710,淀屋橋ステークス｜2024年3月16日 | 競馬データベース - netkeiba,ウォータールグラン,6.0,0.2551,1.531,4,False,-1.0,0.2551,0,0.2551,0.27956989247311825,0.19020610152183517
202409010711,若葉ステークス｜2024年3月16日 | 競馬データベース - netkeiba,ミラキュラスドラマ,19.8,0.0695,1.376,6,False,-1.0,0.0695,0,0.0695,0.018867924528301886,0.022518734595847172
202409010801,3歳未勝利｜2024年3月17日 | 競馬データベース - netkeiba,ミルフルール,20.6,0.0783,1.613,5,False,-1.0,0.0783,0,0.0783,0.023076923076923078,0.027269052772315408
202409010802,3歳未勝利｜2024年3月17日 | 競馬データベース - netkeiba,クリノキングマン,28.6,0.0549,1.57,3,False,-1.0,0.0549,0,0.0549,0.013559322033898305,0.015459706769245084
202409010803,3歳未勝利｜2024年3月17日 | 競馬データベース - netkeiba,ホームアンドドライ,11.9,0.1511,1.798,10,False,-1.0,0.1511,0,0.1511,0.07608695652173914,0.0796944668115679
202409010804,障害4歳以上未勝利｜2024年3月17日 | 競馬データベース - netkeiba,ゴールドブリーズ,6.6,0.2553,1.685,3,False,-1.0,0.2553,0,0.2553,0.27956989247311825,0.19045335136686709
202409010805,3歳未勝利｜2024年3月17日 | 競馬データベース - netkeiba,テーオーエジソン,39.8,0.0405,1.612,8,False,-1.0,0.0405,0,0.0405,0.013559322033898305,0.00955722031735493
202409010807,4歳以上1勝クラス｜2024年3月17日 | 競馬データベース - netkeiba,ブライトサイン,25.8,0.0509,1.313,5,False,-1.0,0.0509,0,0.0509,0.013559322033898305,0.013711296876838574
202409010808,4歳以上1勝クラス｜2024年3月17日 | 競馬データベース - netkeiba,エリカグロリア,48.3,0.0583,2.816,7,False,-1.0,0.0583,0,0.0583,0.013559322033898305,0.01700963520611871
202409010809,山陽特別｜2024年3月17日 | 競馬データベース - netkeiba,ガリレイ,20.3,0.1146,2.326,6,False,-1.0,0.1146,0,0.1146,0.048582995951417,0.050580074481050806
202409010812,4歳以上2勝クラス｜2024年3月17日 | 競馬データベース - netkeiba,アウグスト,14.4,0.1169,1.683,5,False,-1.0,0.1169,0,0.1169,0.048582995951417,0.052251129097212766
202409020102,3歳未勝利｜2024年3月23日 | 競馬データベース - netkeiba,ウインメラナイト,14.0,0.1113,1.558,4,False,-1.0,0.1113,0,0.1113,0.048582995951417,0.048221914439950185
202409020103,3歳未勝利｜2024年3月23日 | 競馬データベース - netkeiba,スターチスブーケ,28.6,0.0844,2.414,10,False,-1.0,0.0844,0,0.0844,0.023076923076923078,0.03077362332532216
202409020104,障害4歳以上未勝利｜2024年3月23日 | 競馬データベース - netkeiba,タマモエース,14.0,0.1672,2.341,4,False,-1.0,0.1672,0,0.1672,0.07608695652173914,0.09424037930947986
202409020105,3歳未勝利｜2024年3月23日 | 競馬データベース - netkeiba,オメガナビゲーター,14.0,0.1149,1.609,6,False,-1.0,0.1149,0,0.1149,0.048582995951417,0.05079676071169907
202409020106,3歳未勝利｜2024年3月23日 | 競馬データベース - netkeiba,メイショウマツリ,75.0,0.0204,1.53,10,False,-1.0,0.0204,0,0.0204,1e-06,0.0032751151705587705
202409020110,丹波特別｜2024年3月23日 | 競馬データベース - netkeiba,サイモンメガライズ,132.5,0.0126,1.67,6,False,-1.0,0.0126,0,0.0126,1e-06,0.001554696110468338
202409020111,毎日杯｜2024年3月23日 | 競馬データベース - netkeiba,サトノシュトラーセ,7.7,0.1708,1.315,6,False,-1.0,0.1708,0,0.1708,0.07692307692307693,0.09763020314655835
202409020201,3歳未勝利｜2024年3月24日 | 競馬データベース - netkeiba,カプシーヌ,38.4,0.0583,2.239,14,False,-1.0,0.0583,0,0.0583,0.013559322033898305,0.01700963520611871
202409020206,3歳1勝クラス｜2024年3月24日 | 競馬データベース - netkeiba,フォーディアライフ,9.1,0.2059,1.874,10,False,-1.0,0.2059,0,0.2059,0.10679611650485436,0.13320573053082047
202409020210,御堂筋ステークス｜2024年3月24日 | 競馬データベース - netkeiba,ヴァーンフリート,18.4,0.0856,1.575,7,False,-1.0,0.0856,0,0.0856,0.023076923076923078,0.031483142260268444
202409020211,六甲ステークス｜2024年3月24日 | 競馬データベース - netkeiba,オニャンコポン,6.5,0.2298,1.494,9,False,-1.0,0.2298,0,0.2298,0.10679611650485436,0.15991518787027598
202409020212,4歳以上2勝クラス｜2024年3月24日 | 競馬データベース - netkeiba,コパノオースティン,26.5,0.069,1.829,4,False,-1.0,0.069,0,0.069,0.018867924528301886,0.022259834648008802
202409020301,3歳未勝利｜2024年3月30日 | 競馬データベース - netkeiba,クリティカルヒット,25.7,0.1011,2.598,5,False,-1.0,0.1011,0,0.1011,0.048582995951417,0.04123014407855307
202409020304,3歳未勝利｜2024年3月30日 | 競馬データベース - netkeiba,スナークサファイア,42.0,0.0459,1.928,7,False,-1.0,0.0459,0,0.0459,0.013559322033898305,0.011642281126289813
202409020305,3歳1勝クラス｜2024年3月30日 | 競馬データベース - netkeiba,ポルポラジール,4.5,0.306,1.377,2,False,-1.0,0.306,0,0.306,0.27956989247311825,0.2566708736032433
202409020308,三木ホースランドJS｜2024年3月30日 | 競馬データベース - netkeiba,ニューツーリズム,17.8,0.0751,1.337,5,False,-1.0,0.0751,0,0.0751,0.018867924528301886,0.025499530596666032
202409020309,アザレア賞｜2024年3月30日 | 競馬データベース - netkeiba,スノーブリザード,62.9,0.0267,1.679,4,False,-1.0,0.0267,0,0.0267,1e-06,0.004977103441461861
202409020311,ポラリスステークス｜2024年3月30日 | 競馬データベース - netkeiba,サクセスローレル,16.2,0.1034,1.675,10,False,-1.0,0.1034,0,0.1034,0.048582995951417,0.042767209750994205
202409020312,4歳以上2勝クラス｜2024年3月30日 | 競馬データベース - netkeiba,タイキドミニオン,14.4,0.0967,1.392,14,False,-1.0,0.0967,0,0.0967,0.048582995951417,0.038354452987619574
202409020402,3歳未勝利｜2024年3月31日 | 競馬データベース - netkeiba,ゼンノツキヨミ,26.8,0.0638,1.71,9,False,-1.0,0.0638,0,0.0638,0.018867924528301886,0.019638572345462808
202409020404,3歳未勝利｜2024年3月31日 | 競馬データベース - netkeiba,マテンロウマルス,40.7,0.0523,2.129,8,False,-1.0,0.0523,0,0.0523,0.013559322033898305,0.014313923106137487
202409020406,4歳以上1勝クラス｜2024年3月31日 | 競馬データベース - netkeiba,ヒロシクン,78.7,0.0176,1.385,9,False,-1.0,0.0176,0,0.0176,1e-06,0.0026053264405828196
202409020407,4歳以上2勝クラス｜2024年3月31日 | 競馬データベース - netkeiba,ベンダバリラビア,10.8,0.1253,1.353,7,False,-1.0,0.1253,0,0.1253,0.048582995951417,0.05854415047035634
202409020409,バイオレットS｜2024年3月31日 | 競馬データベース - netkeiba,ニホンピロカラット,17.1,0.083,1.419,4,False,-1.0,0.083,0,0.083,0.023076923076923078,0.029954165791361925
202409020410,キタサンブラックC｜2024年3月31日 | 競馬データベース - netkeiba,ジャスティンエース,17.5,0.0857,1.5,14,False,-1.0,0.0857,0,0.0857,0.023076923076923078,0.03154256508095945
202409020411,大阪杯｜2024年3月31日 | 競馬データベース - netkeiba,タスティエーラ,4.4,0.304,1.338,11,False,-1.0,0.304,0,0.304,0.27956989247311825,0.25393566336015766
202409020412,陽春ステークス｜2024年3月31日 | 競馬データベース - netkeiba,ジュンウィンダム,4.3,0.3283,1.412,3,False,-1.0,0.3283,0,0.3283,0.35714285714285715,0.28776043906947424
202409020501,3歳未勝利｜2024年4月6日 | 競馬データベース - netkeiba,マベルシュシュット,16.0,0.1118,1.789,5,False,-1.0,0.1118,0,0.1118,0.048582995951417,0.04857621321148907
202409020502,3歳未勝利｜2024年4月6日 | 競馬データベース - netkeiba,テーオーロビンソン,52.8,0.0273,1.441,16,False,-1.0,0.0273,0,0.0273,0.013559322033898305,0.005152580798240267
202409020503,3歳未勝利｜2024年4月6日 | 競馬データベース - netkeiba,レイドデザート,34.8,0.0688,2.394,2,False,-1.0,0.0688,0,0.0688,0.018867924528301886,0.022156609450173358
202409020504,3歳未勝利｜2024年4月6日 | 競馬データベース - netkeiba,ヘザルフェン,7.7,0.3137,2.415,3,False,-1.0,0.3137,0,0.3137,0.27956989247311825,0.2672856965638741
202409020505,3歳1勝クラス｜2024年4月6日 | 競馬データベース - netkeiba,リューデスハイム,5.8,0.2438,1.414,2,False,-1.0,0.2438,0,0.2438,0.2,0.17643161276192815
202409020506,3歳1勝クラス｜2024年4月6日 | 競馬データベース - netkeiba,ビップジーニー,97.0,0.0197,1.911,6,False,-1.0,0.0197,0,0.0197,1e-06,0.0031024647637396315
202409020507,4歳以上1勝クラス｜2024年4月6日 | 競馬データベース - netkeiba,グレイスオブゴッド,29.9,0.0459,1.372,7,False,-1.0,0.0459,0,0.0459,0.013559322033898305,0.011642281126289813
202409020509,白鷺特別｜2024年4月6日 | 競馬データベース - netkeiba,レヴォルタード,24.0,0.0601,1.442,3,False,-1.0,0.0601,0,0.0601,0.013559322033898305,0.01785357876876516
202409020511,サンスポ杯阪神牝馬S｜2024年4月6日 | 競馬データベース - netkeiba,モリアーナ,9.0,0.1741,1.567,3,False,-1.0,0.1741,0,0.1741,0.07692307692307693,0.10078090939974686
202409020601,3歳未勝利｜2024年4月7日 | 競馬データベース - netkeiba,ココシャンパーニュ,20.1,0.0782,1.572,5,False,-1.0,0.0782,0,0.0782,0.023076923076923078,0.027213032790305656
202409020602,3歳未勝利｜2024年4月7日 | 競馬データベース - netkeiba,アスクデビューモア,32.4,0.0449,1.455,6,False,-1.0,0.0449,0,0.0449,0.013559322033898305,0.011244301960492836
202409020603,3歳未勝利｜2024年4月7日 | 競馬データベース - netkeiba,リリーエクスプレス,6.4,0.276,1.766,1,True,5.4,0.276,1,0.276,0.27956989247311825,0.2166650737910804
202409020606,4歳以上1勝クラス｜2024年4月7日 | 競馬データベース - netkeiba,アナザーエース,35.1,0.0563,1.976,8,False,-1.0,0.0563,0,0.0563,0.013559322033898305,0.016090875007602867
202409020609,忘れな草賞｜2024年4月7日 | 競馬データベース - netkeiba,ヒヒーン,17.3,0.1083,1.874,3,False,-1.0,0.1083,0,0.1083,0.048582995951417,0.04611870540265872
202409020610,ダイワスカーレットC｜2024年4月7日 | 競馬データベース - netkeiba,モズロックンロール,10.7,0.1312,1.404,13,False,-1.0,0.1312,0,0.1312,0.048582995951417,0.06314070146010285
202409020704,3歳未勝利｜2024年4月13日 | 競馬データベース - netkeiba,フリーダムレイン,11.7,0.1212,1.418,5,False,-1.0,0.1212,0,0.1212,0.048582995951417,0.05543544306578516
202409020705,3歳未勝利｜2024年4月13日 | 競馬データベース - netkeiba,エコテーラー,4.0,0.3289,1.316,3,False,-1.0,0.3289,0,0.3289,0.35714285714285715,0.28861109314181094
202409020708,4歳以上1勝クラス｜2024年4月13日 | 競馬データベース - netkeiba,ダノンヒューマ,13.2,0.1058,1.397,1,True,12.2,0.1058,1,0.1058,0.048582995951417,0.04439572804968036
202409020710,天満橋ステークス｜2024年4月13日 | 競馬データベース - netkeiba,イチネンエーグミ,11.9,0.1368,1.628,6,False,-1.0,0.1368,0,0.1368,0.05454545454545454,0.06763647982344367
202409020803,3歳未勝利｜2024年4月14日 | 競馬データベース - netkeiba,メイショウフウドウ,8.4,0.1855,1.558,7,False,-1.0,0.1855,0,0.1855,0.0967741935483871,0.11197999712431496
202409020806,3歳1勝クラス｜2024年4月14日 | 競馬データベース - netkeiba,クリノスピネル,137.9,0.0096,1.324,6,False,-1.0,0.0096,0,0.0096,1e-06,0.0010227996850909796
202409020809,三木特別｜2024年4月14日 | 競馬データベース - netkeiba,タガノシャーンス,5.5,0.3047,1.676,2,False,-1.0,0.3047,0,0.3047,0.27956989247311825,0.25489194056976056
202409020810,立雲峡ステークス｜2024年4月14日 | 競馬データベース - netkeiba,ヴィアルークス,11.1,0.1173,1.302,8,False,-1.0,0.1173,0,0.1173,0.048582995951417,0.052544042945139924
202410010101,3歳未勝利｜2024年1月13日 | 競馬データベース - netkeiba,ビーコング,7.9,0.1699,1.342,3,False,-1.0,0.1699,0,0.1699,0.07692307692307693,0.09677810475148241
202410010102,3歳未勝利｜2024年1月13日 | 競馬データベース - netkeiba,レディアマゾネス,28.2,0.0552,1.557,4,False,-1.0,0.0552,0,0.0552,0.013559322033898305,0.015594123727171443
202410010103,3歳未勝利｜2024年1月13日 | 競馬データベース - netkeiba,ラインアルファ,15.9,0.085,1.352,4,False,-1.0,0.085,0,0.085,0.023076923076923078,0.03112756192574186
202410010104,障害4歳以上未勝利｜2024年1月13日 | 競馬データベース - netkeiba,ワイドレッジャドロ,11.3,0.1901,2.148,8,False,-1.0,0.1901,0,0.1901,0.0967741935483871,0.11663514346714204
202410010105,障害4歳以上未勝利｜2024年1月13日 | 競馬データベース - netkeiba,スマイルスルー,10.4,0.1639,1.705,2,False,-1.0,0.1639,0,0.1639,0.07608695652173914,0.09117673146203917
202410010109,響灘特別｜2024年1月13日 | 競馬データベース - netkeiba,ランスオブサターン,13.4,0.1126,1.509,8,False,-1.0,0.1126,0,0.1126,0.048582995951417,0.049145321511818066
202410010111,愛知杯｜2024年1月13日 | 競馬データベース - netkeiba,ルージュスティリア,15.9,0.0875,1.391,8,False,-1.0,0.0875,0,0.0875,0.023076923076923078,0.03261994839239611
202410010201,3歳未勝利｜2024年1月14日 | 競馬データベース - netkeiba,ハイウェイスター,4.2,0.3111,1.307,3,False,-1.0,0.3111,0,0.3111,0.27956989247311825,0.26368673889129907
202410010202,3歳未勝利｜2024年1月14日 | 競馬データベース - netkeiba,ロードトレイル,8.4,0.18,1.512,2,False,-1.0,0.18,0,0.18,0.08695652173913043,0.10651639288912897
202410010208,4歳以上1勝クラス｜2024年1月14日 | 競馬データベース - netkeiba,ニシノパプルブリリ,23.0,0.0618,1.421,4,False,-1.0,0.0618,0,0.0618,0.018867924528301886,0.018665360293325023
202410010209,玄海特別｜2024年1月14日 | 競馬データベース - netkeiba,ホウオウユニコーン,37.9,0.0447,1.694,8,False,-1.0,0.0447,0,0.0447,0.013559322033898305,0.011165346974417883
202410010212,4歳以上1勝クラス｜2024年1月14日 | 競馬データベース - netkeiba,ニシノコウダイ,8.2,0.171,1.402,1,True,7.2,0.171,1,0.171,0.07692307692307693,0.09781997748331997
202410010303,3歳未勝利｜2024年1月20日 | 競馬データベース - netkeiba,ラインアルファ,11.4,0.1646,1.876,4,False,-1.0,0.1646,0,0.1646,0.07608695652173914,0.09182308839879369
202410010304,障害4歳以上未勝利｜2024年1月20日 | 競馬データベース - netkeiba,ニシノフウジン,35.8,0.0663,2.374,3,False,-1.0,0.0663,0,0.0663,0.018867924528301886,0.020882495887193188
202410010305,障害4歳以上オープン｜2024年1月20日 | 競馬データベース - netkeiba,エンデュミオン,4.2,0.3513,1.475,3,False,-1.0,0.3513,0,0.3513,0.75,0.3208405118482409
202410010307,4歳以上1勝クラス｜2024年1月20日 | 競馬データベース - netkeiba,トリオンファルマン,7.6,0.2046,1.555,11,False,-1.0,0.2046,0,0.2046,0.10679611650485436,0.13180889723150582
202410010309,萌黄賞｜2024年1月20日 | 競馬データベース - netkeiba,グレースルージュ,13.8,0.1199,1.655,6,False,-1.0,0.1199,0,0.1199,0.048582995951417,0.05446450419850592
202410010401,3歳未勝利｜2024年1月21日 | 競馬データベース - netkeiba,ギルトエッジ,26.9,0.054,1.453,6,False,-1.0,0.054,0,0.054,0.013559322033898305,0.015059193221208233
202410010406,3歳未勝利｜2024年1月21日 | 競馬データベース - netkeiba,ジェロニモス,5.5,0.2375,1.306,4,False,-1.0,0.2375,0,0.2375,0.10679611650485436,0.16892237022602266
202410010409,八幡特別｜2024年1月21日 | 競馬データベース - netkeiba,ブルーグロット,14.1,0.107,1.509,12,False,-1.0,0.107,0,0.107,0.048582995951417,0.04521937783108191
202410010501,3歳未勝利｜2024年1月27日 | 競馬データベース - netkeiba,グランレザンドール,26.4,0.0606,1.6,9,False,-1.0,0.0606,0,0.0606,0.013559322033898305,0.018090858039266598
202410010504,障害4歳以上未勝利｜2024年1月27日 | 競馬データベース - netkeiba,プラチナムレイアー,11.6,0.1167,1.354,10,False,-1.0,0.1167,0,0.1167,0.048582995951417,0.05210492688780198
202410010505,3歳未勝利｜2024年1月27日 | 競馬データベース - netkeiba,ジョニール,10.4,0.156,1.622,13,False,-1.0,0.156,0,0.156,0.07608695652173914,0.0840141146817729
202410010508,牛若丸ジャンプS｜2024年1月27日 | 競馬データベース - netkeiba,サイード,15.4,0.1048,1.614,2,False,-1.0,0.1048,0,0.1048,0.048582995951417,0.04371413074107236
202410010509,足立山特別｜2024年1月27日 | 競馬データベース - netkeiba,グルーヴビート,15.8,0.0837,1.322,4,False,-1.0,0.0837,0,0.0837,0.023076923076923078,0.030362773403618874
202410010512,4歳以上1勝クラス｜2024年1月27日 | 競馬データベース - netkeiba,ゴルトリッチ,6.4,0.236,1.51,3,False,-1.0,0.236,0,0.236,0.10679611650485436,0.16715285617546058
202410010604,障害4歳以上未勝利｜2024年1月28日 | 競馬データベース - netkeiba,シゲルヒラトリ,39.7,0.0405,1.608,5,False,-1.0,0.0405,0,0.0405,0.013559322033898305,0.00955722031735493
202410010606,3歳未勝利｜2024年1月28日 | 競馬データベース - netkeiba,ヴェストラン,60.6,0.0231,1.4,11,False,-1.0,0.0231,0,0.0231,1e-06,0.003972478519421591
202410010607,4歳以上1勝クラス｜2024年1月28日 | 競馬データベース - netkeiba,ヴィラーゴスリーブ,12.4,0.1326,1.644,9,False,-1.0,0.1326,0,0.1326,0.05454545454545454,0.06425256465418608
202410010608,4歳以上1勝クラス｜2024年1月28日 | 競馬データベース - netkeiba,コナブラック,23.4,0.0643,1.505,1,True,22.4,0.0643,1,0.0643,0.018867924528301886,0.01988492849826064
202410010611,巌流島ステークス｜2024年1月28日 | 競馬データベース - netkeiba,アドヴァイス,12.2,0.1342,1.637,9,False,-1.0,0.1342,0,0.1342,0.05454545454545454,0.06553314446939511
202410010612,4歳以上1勝クラス｜2024年1月28日 | 競馬データベース - netkeiba,アルファヒディ,33.3,0.0424,1.412,13,False,-1.0,0.0424,0,0.0424,0.013559322033898305,0.010272833610440108
202410010703,3歳未勝利｜2024年2月3日 | 競馬データベース - netkeiba,オオゾラヒバリ,16.1,0.1022,1.645,5,False,-1.0,0.1022,0,0.1022,0.048582995951417,0.04196237345797552
202410010706,3歳未勝利｜2024年2月3日 | 競馬データベース - netkeiba,ハイディージェン,33.1,0.0545,1.804,2,False,-1.0,0.0545,0,0.0545,0.013559322033898305,0.015281193269788843
202410010709,かささぎ賞｜2024年2月3日 | 競馬データベース - netkeiba,クリノハレルヤ,7.4,0.1838,1.36,3,False,-1.0,0.1838,0,0.1838,0.0967741935483871,0.1102792864473517
202410010711,別府特別｜2024年2月3日 | 競馬データベース - netkeiba,ヴァモスロード,11.4,0.1671,1.905,1,True,10.4,0.1671,1,0.1671,0.07608695652173914,0.09414692584837543
202410010801,3歳未勝利｜2024年2月4日 | 競馬データベース - netkeiba,ハイウェイスター,6.8,0.2267,1.542,7,False,-1.0,0.2267,0,0.2267,0.10679611650485436,0.15634301239106282
202410010803,4歳以上1勝クラス｜2024年2月4日 | 競馬データベース - netkeiba,コスモジョセフ,14.1,0.095,1.34,7,False,-1.0,0.095,0,0.095,0.03157894736842092,0.03726632205504687
202410010804,障害4歳以上未勝利｜2024年2月4日 | 競馬データベース - netkeiba,ビッグスコール,30.8,0.0598,1.842,12,False,-1.0,0.0598,0,0.0598,0.013559322033898305,0.01771180483955515
202410010806,3歳未勝利｜2024年2月4日 | 競馬データベース - netkeiba,トラペジスト,4.9,0.2711,1.328,1,True,3.9,0.2711,1,0.2711,0.27956989247311825,0.21035175395258007
202410010807,3歳未勝利｜2024年2月4日 | 競馬データベース - netkeiba,サンウリエル,5.9,0.227,1.339,3,False,-1.0,0.227,0,0.227,0.10679611650485436,0.15668733371371807
202410010809,合馬特別｜2024年2月4日 | 競馬データベース - netkeiba,スズカキング,16.4,0.1033,1.694,9,False,-1.0,0.1033,0,0.1033,0.048582995951417,0.04269989969493842
202410010810,由布院特別｜2024年2月4日 | 競馬データベース - netkeiba,テイエムシニスター,11.5,0.1582,1.819,5,False,-1.0,0.1582,0,0.1582,0.07608695652173914,0.08598429775015914
202410010812,4歳以上1勝クラス｜2024年2月4日 | 競馬データベース - netkeiba,ディナトセレーネ,7.4,0.2048,1.516,8,False,-1.0,0.2048,0,0.2048,0.10679611650485436,0.13202340960798578
202410020101,3歳未勝利｜2024年2月10日 | 競馬データベース - netkeiba,フェイマスグラース,8.2,0.1596,1.309,10,False,-1.0,0.1596,0,0.1596,0.07608695652173914,0.08724791467285653
202410020102,3歳未勝利｜2024年2月10日 | 競馬データベース - netkeiba,アスクヒロイズガイ,9.4,0.1649,1.55,9,False,-1.0,0.1649,0,0.1649,0.07608695652173914,0.09210067766466672
202410020103,3歳未勝利｜2024年2月10日 | 競馬データベース - netkeiba,サンプルメリア,10.9,0.1238,1.349,3,False,-1.0,0.1238,0,0.1238,0.048582995951417,0.057398645648004794
202410020104,障害4歳以上未勝利｜2024年2月10日 | 競馬データベース - netkeiba,ジロー,14.1,0.1057,1.49,7,False,-1.0,0.1057,0,0.1057,0.048582995951417,0.04432737269550651
202410020106,3歳未勝利｜2024年2月10日 | 競馬データベース - netkeiba,レトロタイプ,5.3,0.2679,1.42,5,False,-1.0,0.2679,0,0.2679,0.27956989247311825,0.20626444362075963
202410020111,紫川特別｜2024年2月10日 | 競馬データベース - netkeiba,ヴィンテージボンド,27.9,0.077,2.148,3,False,-1.0,0.077,0,0.077,0.023076923076923078,0.026544421547611875
202410020203,4歳以上1勝クラス｜2024年2月11日 | 競馬データベース - netkeiba,ディアドコス,12.3,0.1103,1.357,9,False,-1.0,0.1103,0,0.1103,0.048582995951417,0.04751653868775362
202410020204,障害4歳以上未勝利｜2024年2月11日 | 競馬データベース - netkeiba,スズカワールド,12.8,0.1697,2.172,7,False,-1.0,0.1697,0,0.1697,0.07692307692307693,0.09658916908977841
202410020205,3歳未勝利｜2024年2月11日 | 競馬データベース - netkeiba,サンデーダイヤ,42.3,0.0326,1.379,8,False,-1.0,0.0326,0,0.0326,0.013559322033898305,0.006798557897124534
202410020206,3歳未勝利｜2024年2月11日 | 競馬データベース - netkeiba,マイネルズコット,18.6,0.0801,1.49,14,False,-1.0,0.0801,0,0.0801,0.023076923076923078,0.028285343477151243
202410020208,4歳以上1勝クラス｜2024年2月11日 | 競馬データベース - netkeiba,インテンソ,18.7,0.0947,1.771,7,False,-1.0,0.0947,0,0.0947,0.023076923076923078,0.03707563223424607
202410020209,あすなろ賞｜2024年2月11日 | 競馬データベース - netkeiba,マイネルレグルス,14.4,0.1005,1.447,10,False,-1.0,0.1005,0,0.1005,0.048582995951417,0.04083298335874364
202410020301,3歳未勝利｜2024年2月17日 | 競馬データベース - netkeiba,ミランカ,19.4,0.0748,1.451,5,False,-1.0,0.0748,0,0.0748,0.018867924528301886,0.025336093099187235
202410020304,障害4歳以上オープン｜2024年2月17日 | 競馬データベース - netkeiba,スワヤンブナート,3.5,0.3857,1.35,2,False,-1.0,0.3857,0,0.3857,0.999999,0.37182743607590363
202410020305,障害4歳以上未勝利｜2024年2月17日 | 競馬データベース - netkeiba,エナジーポコアポコ,38.1,0.0412,1.57,4,False,-1.0,0.0412,0,0.0412,0.013559322033898305,0.009818566757292294
202410020310,皿倉山特別｜2024年2月17日 | 競馬データベース - netkeiba,サトノクローク,6.3,0.2249,1.417,1,True,5.3,0.2249,1,0.2249,0.10679611650485436,0.15428329625453444
202410020311,小倉城ステークス｜2024年2月17日 | 競馬データベース - netkeiba,コパノニコルソン,7.5,0.1975,1.481,9,False,-1.0,0.1975,0,0.1975,0.0967741935483871,0.12428511766500418
202410020312,4歳以上1勝クラス｜2024年2月17日 | 競馬データベース - netkeiba,ゴルトリッチ,4.6,0.3085,1.419,4,False,-1.0,0.3085,0,0.3085,0.27956989247311825,0.26010271973965116
202410020405,3歳未勝利｜2024年2月18日 | 競馬データベース - netkeiba,メイショウマドロス,25.7,0.0515,1.324,5,False,-1.0,0.0515,0,0.0515,0.013559322033898305,0.01396832952926571
202410020406,4歳以上1勝クラス｜2024年2月18日 | 競馬データベース - netkeiba,リオンエトワール,19.3,0.1056,2.038,10,False,-1.0,0.1056,0,0.1056,0.048582995951417,0.04425906078852043
202410020412,4歳以上1勝クラス｜2024年2月18日 | 競馬データベース - netkeiba,ヴァルトラウテ,5.7,0.2571,1.465,11,False,-1.0,0.2571,0,0.2571,0.27956989247311825,0.19268391032273538
202410020501,3歳未勝利｜2024年2月24日 | 競馬データベース - netkeiba,カリフォルニア,34.1,0.0491,1.674,2,False,-1.0,0.0491,0,0.0491,0.013559322033898305,0.012951383432238438
202410020502,3歳未勝利｜2024年2月24日 | 競馬データベース - netkeiba,ホーギー,16.5,0.0831,1.371,8,False,-1.0,0.0831,0,0.0831,0.023076923076923078,0.030012400863334364
202410020504,障害4歳以上未勝利｜2024年2月24日 | 競馬データベース - netkeiba,シゲルヒラトリ,18.2,0.0987,1.796,3,False,-1.0,0.0987,0,0.0987,0.048582995951417,0.03965100053221991
202410020506,4歳以上1勝クラス｜2024年2月24日 | 競馬データベース - netkeiba,スズカキング,30.1,0.0455,1.37,5,False,-1.0,0.0455,0,0.0455,0.013559322033898305,0.01148244968127958
202410020508,春麗ジャンプS｜2024年2月24日 | 競馬データベース - netkeiba,タイキフロリゼル,74.8,0.0202,1.511,4,False,-1.0,0.0202,0,0.0202,1e-06,0.0032254383359367057
202410020510,筑後川特別｜2024年2月24日 | 競馬データベース - netkeiba,メイショウコボケ,11.9,0.168,1.999,8,False,-1.0,0.168,0,0.168,0.07608695652173914,0.09498938813191542
202410020601,3歳未勝利｜2024年2月25日 | 競馬データベース - netkeiba,パッカパッカブー,5.8,0.2489,1.444,4,False,-1.0,0.2489,0,0.2489,0.27956989247311825,0.18260053895587738
202410020603,4歳以上1勝クラス｜2024年2月25日 | 競馬データベース - netkeiba,ニルアドミラリ,15.3,0.0873,1.336,2,False,-1.0,0.0873,0,0.0873,0.023076923076923078,0.032499512941674115
202410020604,障害4歳以上未勝利｜2024年2月25日 | 競馬データベース - netkeiba,キールロワイヤル,6.6,0.2272,1.5,9,False,-1.0,0.2272,0,0.2272,0.10679611650485436,0.15691704518756347
202410020607,4歳以上1勝クラス｜2024年2月25日 | 競馬データベース - netkeiba,マケルナマサムネ,8.3,0.162,1.345,4,False,-1.0,0.162,0,0.162,0.07608695652173914,0.08943189035018163
202410020609,ネモフィラ賞｜2024年2月25日 | 競馬データベース - netkeiba,バスタードサフラン,9.6,0.1654,1.588,9,False,-1.0,0.1654,0,0.1654,0.07608695652173914,0.09256409781779855
202410020610,国東特別｜2024年2月25日 | 競馬データベース - netkeiba,シャドウソニック,11.9,0.1348,1.604,1,True,10.9,0.1348,1,0.1348,0.05454545454545454,0.0660160722835696
202410020611,下関ステークス｜2024年2月25日 | 競馬データベース - netkeiba,カンチェンジュンガ,7.7,0.1803,1.388,1,True,6.7,0.1803,1,0.1803,0.08695652173913043,0.10681151145920056
202410020703,3歳未勝利｜2024年3月2日 | 競馬データベース - netkeiba,ライスネイチャ,39.3,0.0401,1.576,10,False,-1.0,0.0401,0,0.0401,0.013559322033898305,0.009409091191610233
202410020708,4歳以上1勝クラス｜2024年3月2日 | 競馬データベース - netkeiba,イリスレーン,7.8,0.1829,1.427,13,False,-1.0,0.1829,0,0.1829,0.09090909090909091,0.10938323264072251
202410020711,早鞆特別｜2024年3月2日 | 競馬データベース - netkeiba,アイファーテイオー,5.0,0.2679,1.34,1,True,4.0,0.2679,1,0.2679,0.27956989247311825,0.20626444362075963
202410020801,3歳未勝利｜2024年3月3日 | 競馬データベース - netkeiba,ナックアテナ,30.8,0.0506,1.558,17,False,-1.0,0.0506,0,0.0506,0.013559322033898305,0.013583477712910333
202410020802,3歳未勝利｜2024年3月3日 | 競馬データベース - netkeiba,サウンドノバ,28.2,0.0489,1.379,10,False,-1.0,0.0489,0,0.0489,0.013559322033898305,0.012867989079072953
202410020807,4歳以上1勝クラス｜2024年3月3日 | 競馬データベース - netkeiba,ニシノトレンディー,10.7,0.1788,1.913,14,False,-1.0,0.1788,0,0.1788,0.08695652173913043,0.1053392778948261
202410020809,脊振山特別｜2024年3月3日 | 競馬データベース - netkeiba,マイネルジャッカル,18.8,0.0735,1.382,3,False,-1.0,0.0735,0,0.0735,0.018867924528301886,0.024632751419416943
202410020811,関門橋ステークス｜2024年3月3日 | 競馬データベース - netkeiba,シホノスペランツァ,6.0,0.2173,1.304,6,False,-1.0,0.2173,0,0.2173,0.10679611650485436,0.14570533203119992
202410020812,4歳以上1勝クラス｜2024年3月3日 | 競馬データベース - netkeiba,ナチュラルリバー,13.2,0.1464,1.932,5,False,-1.0,0.1464,0,0.1464,0.05454545454545454,0.0756406657891294
202410030101,2歳未勝利｜2024年6月29日 | 競馬データベース - netkeiba,ポンペルモ,42.0,0.0484,2.033,6,False,-1.0,0.0484,0,0.0484,0.013559322033898305,0.012660417818536105
202410030102,3歳未勝利｜2024年6月29日 | 競馬データベース - netkeiba,タイヘイノヨ,22.4,0.0868,1.944,10,False,-1.0,0.0868,0,0.0868,0.023076923076923078,0.03219921784197791
202410030103,3歳未勝利｜2024年6月29日 | 競馬データベース - netkeiba,ブルボンクイーン,4.3,0.3224,1.386,1,True,3.3,0.3224,1,0.3224,0.35714285714285715,0.27943363182182096
202410030105,2歳新馬｜2024年6月29日 | 競馬データベース - netkeiba,アウダース,11.8,0.1254,1.48,12,False,-1.0,0.1254,0,0.1254,0.048582995951417,0.05862085183387969
202410030107,3歳未勝利｜2024年6月29日 | 競馬データベース - netkeiba,ソルアマゾン,12.3,0.1222,1.503,9,False,-1.0,0.1222,0,0.1222,0.048582995951417,0.056187161201885556
202410030108,3歳以上1勝クラス｜2024年6月29日 | 競馬データベース - netkeiba,パシフィックルート,17.1,0.1517,2.594,7,False,-1.0,0.1517,0,0.1517,0.07608695652173914,0.08021830185783539
202410030110,熊本城特別｜2024年6月29日 | 競馬データベース - netkeiba,ライジングラパス,17.5,0.075,1.312,7,False,-1.0,0.075,0,0.075,0.018867924528301886,0.025445004508692567
202410030112,3歳以上1勝クラス｜2024年6月29日 | 競馬データベース - netkeiba,モカラエース,41.7,0.0347,1.447,11,False,-1.0,0.0347,0,0.0347,0.013559322033898305,0.00749704978720308
202410030201,障害3歳以上未勝利｜2024年6月30日 | 競馬データベース - netkeiba,ネッスンドルマ,6.9,0.2635,1.818,5,False,-1.0,0.2635,0,0.2635,0.27956989247311825,0.20069130480800945
202410030203,3歳未勝利｜2024年6月30日 | 競馬データベース - netkeiba,ゲインサポート,15.9,0.0834,1.326,5,False,-1.0,0.0834,0,0.0834,0.023076923076923078,0.030187381041455404
202410030204,3歳未勝利｜2024年6月30日 | 競馬データベース - netkeiba,ワイドモヒート,34.6,0.0578,2.0,4,False,-1.0,0.0578,0,0.0578,0.013559322033898305,0.01677806832263611
202410030205,2歳新馬｜2024年6月30日 | 競馬データベース - netkeiba,ムゾラシカ,23.9,0.0701,1.675,6,False,-1.0,0.0701,0,0.0701,0.018867924528301886,0.022830990450755952
202410030206,2歳新馬｜2024年6月30日 | 競馬データベース - netkeiba,マルモリマジック,38.7,0.0426,1.649,6,False,-1.0,0.0426,0,0.0426,0.013559322033898305,0.01034930784581864
202410030209,柳川特別｜2024年6月30日 | 競馬データベース - netkeiba,マルベリーシチー,36.8,0.0451,1.66,10,False,-1.0,0.0451,0,0.0451,0.013559322033898305,0.01132347091972871
202410030210,薩摩ステークス｜2024年6月30日 | 競馬データベース - netkeiba,メイショウコガシラ,7.3,0.2365,1.726,9,False,-1.0,0.2365,0,0.2365,0.10679611650485436,0.1677419010022137
202410030211,TV西日本北九州記念｜2024年6月30日 | 競馬データベース - netkeiba,サーマルウインド,4.5,0.3415,1.537,12,False,-1.0,0.3415,0,0.3415,0.35714285714285715,0.3066313266985665
202410030301,障害3歳以上未勝利｜2024年7月6日 | 競馬データベース - netkeiba,マテンロウジョイ,12.0,0.165,1.98,4,False,-1.0,0.165,0,0.165,0.07608695652173914,0.09219328457960203
202410030302,2歳未勝利｜2024年7月6日 | 競馬データベース - netkeiba,オーシンエス,10.1,0.1658,1.675,3,False,-1.0,0.1658,0,0.1658,0.07608695652173914,0.0929355275856055
202410030304,障害3歳以上オープン｜2024年7月6日 | 競馬データベース - netkeiba,スリーケイエヌ,50.3,0.0568,2.857,5,False,-1.0,0.0568,0,0.0568,0.013559322033898305,0.016318685423817078
202410030305,2歳新馬｜2024年7月6日 | 競馬データベース - netkeiba,ゴッドペイズリー,51.8,0.0466,2.414,6,False,-1.0,0.0466,0,0.0466,0.013559322033898305,0.011924031621820824
202410030308,3歳以上1勝クラス｜2024年7月6日 | 競馬データベース - netkeiba,フラッシングレート,7.1,0.2287,1.624,11,False,-1.0,0.2287,0,0.2287,0.10679611650485436,0.15864405225545053
202410030310,西部スポニチ賞｜2024年7月6日 | 競馬データベース - netkeiba,プレイリードリーム,17.6,0.096,1.69,4,False,-1.0,0.096,0,0.096,0.048582995951417,0.03790484513562409
202410030401,2歳未勝利｜2024年7月7日 | 競馬データベース - netkeiba,ニシノサンストーン,19.4,0.0762,1.478,5,False,-1.0,0.0762,0,0.0762,0.023076923076923078,0.026102410002938514
202410030403,3歳未勝利｜2024年7月7日 | 競馬データベース - netkeiba,ナムラスカー,24.4,0.0753,1.837,12,False,-1.0,0.0753,0,0.0753,0.018867924528301886,0.025608723466918674
202410030404,3歳未勝利｜2024年7月7日 | 競馬データベース - netkeiba,ナムラリーナ,23.2,0.0757,1.756,3,False,-1.0,0.0757,0,0.0757,0.018867924528301886,0.0258276715825497
202410030405,2歳新馬｜2024年7月7日 | 競馬データベース - netkeiba,ポセイドンバローズ,22.7,0.0987,2.24,6,False,-1.0,0.0987,0,0.0987,0.048582995951417,0.03965100053221991
202410030408,3歳以上1勝クラス｜2024年7月7日 | 競馬データベース - netkeiba,プレヴィスト,5.3,0.2492,1.321,1,True,4.3,0.2492,1,0.2492,0.27956989247311825,0.1829658886780316
202410030411,プロキオンステークス｜2024年7月7日 | 競馬データベース - netkeiba,ブルーサン,27.9,0.0601,1.677,14,False,-1.0,0.0601,0,0.0601,0.013559322033898305,0.01785357876876516
202410030412,3歳以上1勝クラス｜2024年7月7日 | 競馬データベース - netkeiba,セレッソデアモール,33.6,0.0468,1.572,5,False,-1.0,0.0468,0,0.0468,0.013559322033898305,0.012005008667374016
202410030604,3歳未勝利｜2024年7月14日 | 競馬データベース - netkeiba,ホットハートビート,17.9,0.1152,2.062,3,False,-1.0,0.1152,0,0.1152,0.048582995951417,0.05101383060419331
202410030606,2歳新馬｜2024年7月14日 | 競馬データベース - netkeiba,ブレイジングスター,7.9,0.1771,1.399,5,False,-1.0,0.1771,0,0.1771,0.08695652173913043,0.10368092174981179
202410030607,3歳未勝利｜2024年7月14日 | 競馬データベース - netkeiba,ヨッシーステージ,15.9,0.0819,1.302,8,False,-1.0,0.0819,0,0.0819,0.023076923076923078,0.02931660868991935
202410030608,3歳以上1勝クラス｜2024年7月14日 | 競馬データベース - netkeiba,ニシノトキメキ,14.5,0.1229,1.782,3,False,-1.0,0.1229,0,0.1229,0.048582995951417,0.056715864209417634
202410030609,青島特別｜2024年7月14日 | 競馬データベース - netkeiba,レディントン,10.5,0.1251,1.314,10,False,-1.0,0.1251,0,0.1251,0.048582995951417,0.05839087302758239
202410030702,3歳未勝利｜2024年7月20日 | 競馬データベース - netkeiba,コスモベラエステラ,10.1,0.1613,1.629,3,False,-1.0,0.1613,0,0.1613,0.07608695652173914,0.08879258309256309
202410030703,3歳未勝利｜2024年7月20日 | 競馬データベース - netkeiba,ファセリア,27.9,0.0716,1.998,9,False,-1.0,0.0716,0,0.0716,0.018867924528301886,0.02361912955782783
202410030704,障害3歳以上未勝利｜2024年7月20日 | 競馬データベース - netkeiba,ゴーツウキリシマ,61.9,0.0325,2.012,6,False,-1.0,0.0325,0,0.0325,0.013559322033898305,0.006765940464286073
202410030706,3歳未勝利｜2024年7月20日 | 競馬データベース - netkeiba,アルシャリフ,44.0,0.0385,1.694,16,False,-1.0,0.0385,0,0.0385,0.013559322033898305,0.008825446072559981
202410030707,3歳以上1勝クラス｜2024年7月20日 | 競馬データベース - netkeiba,スナークサファイア,15.9,0.0891,1.417,8,False,-1.0,0.0891,0,0.0891,0.023076923076923078,0.033589948902027864
202410030709,ひまわり賞｜2024年7月20日 | 競馬データベース - netkeiba,ニシノサンストーン,50.4,0.0519,2.616,7,False,-1.0,0.0519,0,0.0519,0.013559322033898305,0.014140715118745203
202410030801,2歳未勝利｜2024年7月21日 | 競馬データベース - netkeiba,ショウナンアトレ,23.6,0.0974,2.299,5,False,-1.0,0.0974,0,0.0974,0.048582995951417,0.03880623235388551
202410030806,3歳未勝利｜2024年7月21日 | 競馬データベース - netkeiba,レーウィン,5.2,0.2611,1.358,1,True,4.2,0.2611,1,0.2611,0.27956989247311825,0.1976746483633452
202410030807,3歳以上1勝クラス｜2024年7月21日 | 競馬データベース - netkeiba,レッドテンペスト,48.6,0.0296,1.439,11,False,-1.0,0.0296,0,0.0296,0.013559322033898305,0.005845939886303058
202410030808,3歳以上1勝クラス｜2024年7月21日 | 競馬データベース - netkeiba,イミュータブル,7.0,0.2352,1.646,3,False,-1.0,0.2352,0,0.2352,0.10679611650485436,0.16621203872152115
202410030809,宗像特別｜2024年7月21日 | 競馬データベース - netkeiba,エルディアブロ,16.0,0.0948,1.517,6,False,-1.0,0.0948,0,0.0948,0.025910931174088762,0.03713915099960361
202410030811,中京記念｜2024年7月21日 | 競馬データベース - netkeiba,エルトンバローズ,4.6,0.3399,1.564,3,False,-1.0,0.3399,0,0.3399,0.35714285714285715,0.3043270093934367
