module,kind,outgoing,incoming,research_edges,production_edges,cycle_member,shadow_wrapper,risk_score,production_readiness
core.self_modifier,shadow_wrapper,5,4,1,1,False,True,100,0
core.meta_controller,shadow_wrapper,1,0,1,0,False,True,100,0
core.meta_cognition,shadow_wrapper,6,8,2,1,False,True,100,0
core.future_synthesis_engine,shadow_wrapper,7,2,1,1,False,True,100,0
core.future_engine,shadow_wrapper,5,1,1,1,False,True,100,0
core.civilization_orchestrator,shadow_wrapper,10,0,2,1,False,True,100,0
core.civilization_immune_system,shadow_wrapper,6,2,2,1,False,True,100,0
core.auto_retrainer,shadow_wrapper,4,1,1,1,False,True,100,0
core.alignment_constitution,shadow_wrapper,4,6,1,1,False,True,100,0
strategies.wide_ai,research,1,0,0,0,False,False,55,45
strategies.market_ai,research,1,0,0,0,False,False,55,45
strategies.explorer_ai,research,1,0,0,0,False,False,55,45
strategies.__init__,research,0,0,0,0,False,False,55,45
meta.regime_director,research,0,0,0,0,False,False,55,45
meta.portfolio_manager,research,0,1,0,0,False,False,55,45
meta.ai_evaluator,research,0,1,0,0,False,False,55,45
learning.walk_forward,research,0,0,0,0,False,False,55,45
learning.updater,research,1,0,1,0,False,False,55,45
learning.uncertainty,research,0,8,0,0,False,False,55,45
learning.trainer,research,1,2,1,0,False,False,55,45
learning.strategy_updater,research,0,3,0,0,False,False,55,45
learning.strategy_evolver,research,1,4,0,1,False,False,55,45
learning.roi_analyzer,research,1,1,1,0,False,False,55,45
learning.reliability_curve,research,0,2,0,0,False,False,55,45
learning.performance_analyzer,research,1,7,0,1,False,False,55,45
learning.monte_carlo,research,0,1,0,0,False,False,55,45
learning.model_factory,research,0,5,0,0,False,False,55,45
learning.meta_learner,research,0,4,0,0,False,False,55,45
learning.kelly_adaptation,research,0,0,0,0,False,False,55,45
learning.edge_feedback,research,0,0,0,0,False,False,55,45
learning.brier_score,research,0,3,0,0,False,False,55,45
learning.auto_evolver,research,2,0,2,0,False,False,55,45
learning.__init__,research,0,0,0,0,False,False,55,45
core.memory.state_manager,research,0,1,0,0,False,False,55,45
core.memory.semantic_memory,research,1,0,0,0,False,False,55,45
core.memory.memory_index,research,0,0,0,0,False,False,55,45
core.memory.memory_consolidation,research,1,0,0,0,False,False,55,45
core.memory.episodic_memory,research,1,0,0,0,False,False,55,45
core.memory.civilization_memory,research,3,1,0,1,False,False,55,45
core.memory.__init__,research,0,0,0,0,False,False,55,45
core.immune.quarantine_manager,research,0,0,0,0,False,False,55,45
core.immune.integrity_verifier,research,0,0,0,0,False,False,55,45
core.immune.corruption_detector,research,0,0,0,0,False,False,55,45
core.immune.civilization_immune_system,research,5,1,1,1,False,False,55,45
core.immune.anomaly_detector,research,0,0,0,0,False,False,55,45
core.immune.__init__,research,0,0,0,0,False,False,55,45
core.future.scenario_generator,research,0,0,0,0,False,False,55,45
core.future.long_horizon_planner,research,0,0,0,0,False,False,55,45
core.future.future_synthesis_engine,research,6,1,0,1,False,False,55,45
core.future.future_engine,research,4,2,0,1,False,False,55,45
core.future.existential_mapper,research,0,0,0,0,False,False,55,45
core.future.__init__,research,0,0,0,0,False,False,55,45
core.evolution.model_registry,research,0,1,0,0,False,False,55,45
core.evolution.global_fitness,research,0,3,0,0,False,False,55,45
core.evolution.evolution_engine,research,3,3,3,0,False,False,55,45
core.evolution.diagnosis_engine,research,0,3,0,0,False,False,55,45
core.evolution.__init__,research,3,0,3,0,False,False,55,45
core.cognition.uncertainty_engine,research,0,0,0,0,False,False,55,45
core.cognition.self_awareness_engine,research,0,0,0,0,False,False,55,45
core.cognition.self_awareness,research,0,0,0,0,False,False,55,45
core.cognition.reflection_engine,research,0,0,0,0,False,False,55,45
core.cognition.meta_controller,research,0,3,0,0,False,False,55,45
core.cognition.meta_cognition,research,5,1,1,1,False,False,55,45
core.cognition.meta_ai,research,0,0,0,0,False,False,55,45
core.cognition.cognitive_state.,research,0,0,0,0,False,False,55,45
core.cognition.cognition,research,0,0,0,0,False,False,55,45
core.cognition.__init__,research,0,0,0,0,False,False,55,45
core.civilization_strategy_engine,research,9,0,3,1,False,False,55,45
core.civilization_memory,research,4,2,1,1,False,False,55,45
core.alignment.policy_validator,research,0,0,0,0,False,False,55,45
core.alignment.governance_engine,research,1,1,1,0,False,False,55,45
core.alignment.constitutional_rules,research,0,0,0,0,False,False,55,45
core.alignment.alignment_constitution,research,3,2,0,1,False,False,55,45
core.alignment.__init__,research,0,0,0,0,False,False,55,45
core.adaptation.strategy_evolver,research,1,0,1,0,False,False,55,45
core.adaptation.self_modifier,research,4,1,0,1,False,False,55,45
core.adaptation.recursive_optimizer,research,0,0,0,0,False,False,55,45
core.adaptation.meta_learner,research,1,0,1,0,False,False,55,45
core.adaptation.auto_retrainer,research,3,2,0,3,False,False,55,45
core.adaptation.auto_evolver,research,2,2,2,0,False,False,55,45
core.adaptation.__init__,research,0,0,0,0,False,False,55,45
simulation.live_simulation,production,8,4,3,4,False,False,40,60
main,production,8,1,7,0,False,False,40,60
core.auto_operator,production,4,1,3,0,False,False,40,60
validation.walk_forward_validation,production,2,3,2,0,False,False,30,70
infrastructure.api_server,production,7,0,2,0,False,False,30,70
execution.phase2_loop,production,2,1,2,0,False,False,30,70
dashboard.app,production,3,0,1,0,False,False,20,80
core.prediction.predictor,production,2,3,1,0,False,False,20,80
core.betting.decision_engine,production,6,1,1,5,False,False,20,80
infrastructure.database,production,0,35,0,0,False,False,15,85
validation.__init__,production,0,0,0,0,False,False,10,90
infrastructure.worker_node,production,4,1,0,2,False,False,10,90
infrastructure.task_queue,production,3,1,0,1,False,False,10,90
infrastructure.orchestrator,production,6,0,0,3,False,False,10,90
infrastructure.cluster_manager,production,3,1,0,1,False,False,10,90
execution.result_input,production,0,0,0,0,False,False,10,90
execution.race_runner,production,2,0,0,1,False,False,10,90
dashboard.streamlit_app,production,0,0,0,0,False,False,10,90
dashboard.control_panel,production,1,0,0,0,False,False,10,90
core.system_orchestrator,production,4,3,0,1,False,False,10,90
core.security.sandbox_manager,production,0,0,0,0,False,False,10,90
core.security.emergency_shutdown,production,0,1,0,0,False,False,10,90
core.security.cryptographic_integrity,production,0,0,0,0,False,False,10,90
core.security.authorization,production,0,0,0,0,False,False,10,90
core.security.authentication,production,0,0,0,0,False,False,10,90
core.security.attack_surface_monitor,production,0,0,0,0,False,False,10,90
core.security.__init__,production,0,0,0,0,False,False,10,90
core.prediction.regime_detector,production,0,3,0,0,False,False,10,90
core.prediction.market_regime,production,0,0,0,0,False,False,10,90
core.prediction.edge_quality_filter,production,0,1,0,0,False,False,10,90
core.prediction.edge_calculator,production,0,1,0,0,False,False,10,90
core.prediction.calibration,production,0,1,0,0,False,False,10,90
core.prediction.__init__,production,0,0,0,0,False,False,10,90
core.market.regime_transition_tracker,production,0,1,0,0,False,False,10,90
core.market.regime_survival_metrics,production,0,1,0,0,False,False,10,90
core.market.regime_metrics,production,0,2,0,0,False,False,10,90
core.market.regime_exposure_controller,production,0,0,0,0,False,False,10,90
core.market.regime_detector,production,0,0,0,0,False,False,10,90
core.market.regime_classifier,production,0,1,0,0,False,False,10,90
core.market.advanced_regime_detector,production,0,1,0,0,False,False,10,90
core.market.__init__,production,0,0,0,0,False,False,10,90
core.execution_engine,production,6,0,0,2,False,False,10,90
core.execution.workflow_runtime,production,0,0,0,0,False,False,10,90
core.execution.task_router,production,0,0,0,0,False,False,10,90
core.execution.scheduler,production,3,0,0,0,False,False,10,90
core.execution.planner,production,0,0,0,0,False,False,10,90
core.execution.execution_engine,production,5,1,0,1,False,False,10,90
core.execution.bet_executor,production,0,1,0,0,False,False,10,90
core.execution.auto_operator,production,1,0,0,0,False,False,10,90
core.execution.__init__,production,0,0,0,0,False,False,10,90
core.betting.uncertainty_sizing,production,0,1,0,0,False,False,10,90
core.betting.uncertainty_monitor,production,0,3,0,0,False,False,10,90
core.betting.uncertainty_filter,production,0,1,0,0,False,False,10,90
core.betting.uncertainty_bankroll_manager,production,4,1,0,4,False,False,10,90
core.betting.risk_manager,production,0,1,0,0,False,False,10,90
core.betting.regime_risk_manager,production,0,1,0,0,False,False,10,90
core.betting.no_bet_filter,production,0,0,0,0,False,False,10,90
core.betting.fund_core,production,0,0,0,0,False,False,10,90
core.betting.defensive_mode_controller,production,1,1,0,1,False,False,10,90
core.betting.capital_preservation,production,0,0,0,0,False,False,10,90
core.betting.calibration_risk_manager,production,0,0,0,0,False,False,10,90
core.betting.bet_sizer,production,0,2,0,0,False,False,10,90
core.betting.bankroll_manager,production,0,0,0,0,False,False,10,90
core.betting.__init__,production,0,0,0,0,False,False,10,90
core.audit_logger,support,1,37,0,0,False,False,5,95
core.alert_manager,support,1,38,0,0,False,False,5,95
tools.simulate_regime_backtest,support,4,0,0,4,False,False,0,100
tools.replay_engine,support,3,0,0,0,False,False,0,100
tools.regime_analysis,support,4,0,0,4,False,False,0,100
tools.architecture_audit,support,0,0,0,0,False,False,0,100
tools.apply_model_to_full,support,0,0,0,0,False,False,0,100
scripts.walk_forward_eval,support,1,0,1,0,False,False,0,100
scripts.uncertainty_monitor,support,1,0,1,0,False,False,0,100
scripts.uncertainty_analysis,support,1,0,1,0,False,False,0,100
scripts.train_model,support,1,0,1,0,False,False,0,100
scripts.schedule_simulation,support,1,0,0,1,False,False,0,100
scripts.run_pipeline,support,4,0,1,2,False,False,0,100
scripts.roi_analyzer,support,0,0,0,0,False,False,0,100
scripts.roi_analysis,support,1,0,1,0,False,False,0,100
scripts.predict_weekend,support,3,0,1,0,False,False,0,100
scripts.policy_comparator,support,1,0,0,0,False,False,0,100
scripts.optimize_uncertainty_thresholds,support,1,0,1,0,False,False,0,100
scripts.odds_vs_model_comparison,support,2,0,0,0,False,False,0,100
scripts.odds_timestamp_audit,support,1,0,0,0,False,False,0,100
scripts.odds_ablation,support,1,2,0,0,False,False,0,100
scripts.monthly_retrain,support,2,0,2,0,False,False,0,100
scripts.market_dependency_report,support,2,0,0,0,False,False,0,100
scripts.market_attribution_utils,support,2,4,2,0,False,False,0,100
scripts.leakage_audit,support,1,0,0,0,False,False,0,100
scripts.feature_contribution_analyzer,support,1,0,0,0,False,False,0,100
scripts.ev_analysis,support,0,0,0,0,False,False,0,100
scripts.counterfactual_replay,support,1,0,0,0,False,False,0,100
scripts.counterfactual_common,support,0,4,0,0,False,False,0,100
scripts.collect_data,support,2,1,0,0,False,False,0,100
scripts.calibration_analysis,support,0,0,0,0,False,False,0,100
scripts.bankroll_path_simulator,support,1,0,0,0,False,False,0,100
scripts.backtest_result,support,0,0,0,0,False,False,0,100
scripts.audit_raw_features,support,0,0,0,0,False,False,0,100
scripts.alternative_policy_runner,support,1,0,0,0,False,False,0,100
scraping.netkeiba_scraper,support,1,3,0,0,False,False,0,100
schemas.race_schema,support,0,2,0,0,False,False,0,100
schemas.__init__,support,0,0,0,0,False,False,0,100
research.__init__,support,0,0,0,0,False,False,0,100
production.__init__,support,0,0,0,0,False,False,0,100
memory.knowledge_graph,support,0,3,0,0,False,False,0,100
integration_test,support,1,0,0,0,False,False,0,100
core.world_model,support,4,3,0,1,False,False,0,100
core.world.world_model,support,3,2,0,1,False,False,0,100
core.world.geopolitical_model,support,0,0,0,0,False,False,0,100
core.world.environment_simulator,support,0,0,0,0,False,False,0,100
core.world.ecological_model,support,0,0,0,0,False,False,0,100
core.world.civilization_simulator,support,0,0,0,0,False,False,0,100
core.world.__init__,support,0,0,0,0,False,False,0,100
core.utilities.time_utils,support,0,0,0,0,False,False,0,100
core.utilities.serialization,support,0,0,0,0,False,False,0,100
core.utilities.retry_utils,support,0,0,0,0,False,False,0,100
core.utilities.config_loader,support,0,0,0,0,False,False,0,100
core.utilities.async_tools,support,0,0,0,0,False,False,0,100
core.utilities.__init__,support,0,0,0,0,False,False,0,100
core.survival_policy,support,4,5,0,1,False,False,0,100
core.survival_guard,support,0,0,0,0,False,False,0,100
core.survival.threat_model,support,0,0,0,0,False,False,0,100
core.survival.survival_policy,support,3,2,0,1,False,False,0,100
core.survival.risk_engine,support,0,0,0,0,False,False,0,100
core.survival.resource_guardian,support,0,0,0,0,False,False,0,100
core.survival.resilience_engine,support,0,0,0,0,False,False,0,100
core.survival.__init__,support,0,0,0,0,False,False,0,100
core.strategy.resource_allocator,support,0,0,0,0,False,False,0,100
core.strategy.objective_manager,support,0,0,0,0,False,False,0,100
core.strategy.grand_strategy,support,0,0,0,0,False,False,0,100
core.strategy.executive_controller,support,7,1,2,0,False,False,0,100
core.strategy.doctrine_engine,support,0,0,0,0,False,False,0,100
core.strategy.civilization_strategy_engine,support,8,1,3,1,False,False,0,100
core.strategy.__init__,support,0,0,0,0,False,False,0,100
core.state_manager,support,1,4,1,0,False,False,0,100
core.risk_manager,support,0,0,0,0,False,False,0,100
core.research.unknown_detector,support,0,0,0,0,False,False,0,100
core.research.hypothesis_engine,support,0,0,0,0,False,False,0,100
core.research.experiment_engine,support,0,0,0,0,False,False,0,100
core.research.discovery_engine,support,0,0,0,0,False,False,0,100
core.research.autonomous_researcher,support,5,1,0,1,False,False,0,100
core.research.__init__,support,0,0,0,0,False,False,0,100
core.replay.replay_validator,support,0,0,0,0,False,False,0,100
core.replay.replay_engine,support,0,0,0,0,False,False,0,100
core.replay.historical_snapshot_loader,support,0,0,0,0,False,False,0,100
core.replay.decision_reconstructor,support,0,0,0,0,False,False,0,100
core.regime_detector,support,1,6,0,1,False,False,0,100
core.predictor,support,2,1,0,1,False,False,0,100
core.portfolio_allocator,support,0,2,0,0,False,False,0,100
core.orchestration.recursive_governance,support,0,0,0,0,False,False,0,100
core.orchestration.legacy_civilization_orchestrator,support,0,0,0,0,False,False,0,100
core.orchestration.coordination_engine,support,0,0,0,0,False,False,0,100
core.orchestration.civilization_orchestrator,support,14,1,7,1,False,False,0,100
core.orchestration.__init__,support,0,0,0,0,False,False,0,100
core.monitoring.telemetry,support,1,0,0,0,False,False,0,100
core.monitoring.model_health,support,0,0,0,0,False,False,0,100
core.monitoring.health_monitor,support,0,0,0,0,False,False,0,100
core.monitoring.diagnostics_engine,support,1,0,0,0,False,False,0,100
core.monitoring.decision_logger,support,1,0,0,0,False,False,0,100
core.monitoring.audit_logger,support,0,2,0,0,False,False,0,100
core.monitoring.alert_manager,support,0,2,0,0,False,False,0,100
core.monitoring.__init__,support,0,0,0,0,False,False,0,100
core.knowledge_graph,support,4,5,0,1,False,False,0,100
core.knowledge.state_registry,support,0,0,0,0,False,False,0,100
core.knowledge.ontology_engine,support,0,0,0,0,False,False,0,100
core.knowledge.knowledge_graph,support,3,2,0,1,False,False,0,100
core.knowledge.entity_resolver,support,0,0,0,0,False,False,0,100
core.knowledge.contradiction_detector,support,0,0,0,0,False,False,0,100
core.knowledge.causal_engine,support,3,1,0,1,False,False,0,100
core.knowledge.__init__,support,0,0,0,0,False,False,0,100
core.interfaces.websocket_interface,support,0,0,0,0,False,False,0,100
core.interfaces.observer_interface,support,0,0,0,0,False,False,0,100
core.interfaces.command_interface,support,0,0,0,0,False,False,0,100
core.interfaces.api_interface,support,0,0,0,0,False,False,0,100
core.interfaces.agent_interface,support,0,0,0,0,False,False,0,100
core.interfaces.__init__,support,0,0,0,0,False,False,0,100
core.horse_history_builder,support,0,3,0,0,False,False,0,100
core.executive_controller,support,8,2,2,0,False,False,0,100
core.economics.sustainability_engine,support,0,0,0,0,False,False,0,100
core.economics.scarcity_manager,support,0,0,0,0,False,False,0,100
core.economics.resource_economy,support,3,0,0,1,False,False,0,100
core.economics.civilization_capital,support,0,0,0,0,False,False,0,100
core.economics.allocation_engine,support,0,0,0,0,False,False,0,100
core.economics.__init__,support,0,0,0,0,False,False,0,100
core.decision_logger,support,0,1,0,0,False,False,0,100
core.decision_engine,support,1,1,0,1,False,False,0,100
core.causal_engine,support,4,2,0,1,False,False,0,100
core.capital_allocator,support,1,0,0,0,False,False,0,100
core.bet_sizer,support,1,0,0,1,False,False,0,100
core.autonomous_researcher,support,6,4,0,1,False,False,0,100
core.audit.replay_validator,support,0,1,0,0,False,False,0,100
core.audit.odds_timestamp_validator,support,0,0,0,0,False,False,0,100
core.audit.odds_snapshot,support,0,0,0,0,False,False,0,100
core.audit.odds_history_manager,support,0,0,0,0,False,False,0,100
core.audit.odds_availability_checker,support,0,0,0,0,False,False,0,100
core.audit.leakage_auditor,support,0,1,0,0,False,False,0,100
core.audit.historical_snapshot_loader,support,0,1,0,0,False,False,0,100
core.audit.decision_reconstruction,support,0,1,0,0,False,False,0,100
core.audit.__init__,support,0,0,0,0,False,False,0,100
core.__init__,support,1,0,0,1,False,False,0,100
